"","indicator_name","year","year_start","year_end","dimension_type","dimension_code","dimension_name","indicator_value_","number_indicator_value","ci_lower","ci_upper"
"1","std_adult_obesity_preval",2000,2000,2000,"SEX","SEX_MLE","Male",2.17215,"2.2 [1.2-3.5]",1.22961,3.52131
"2","std_diabetes_preval",2014,2014,2014,"SEX","SEX_MLE","Male",4.38451,"4.4 [2.4-7.1]",2.41838,7.05103
"3","insuff_activity_adult_std_preval",2006,2006,2006,"SEX","SEX_BTSX","Both sexes",11.74945,"11.7 [8.1-16.2]",8.13289,16.24652
"4","insuff_activity_adult_std_preval",2003,2003,2003,"SEX","SEX_MLE","Male",10.52533,"10.5 [5.5-17.4]",5.4547,17.42785
"5","adult_underwt_std_preval",2021,2021,2021,"SEX","SEX_FMLE","Female",8.56739,"8.6 [6.4-11.0]",6.42156,11.02702
"6","curr_tobacco_smoke_std_preval",2007,2007,2007,"SEX","SEX_FMLE","Female",1.8,"1.8 [1.3-2.3]",1.3,2.3
"7","adult_overwt_std_preval",2001,2001,2001,"SEX","SEX_MLE","Male",11.96777,"12.0 [8.6-15.9]",8.63647,15.91215
"8","adult_underwt_std_preval",1995,1995,1995,"SEX","SEX_FMLE","Female",12.74696,"12.7 [10.2-15.6]",10.15465,15.58534
"9","insuff_activity_adult_std_preval",2016,2016,2016,"SEX","SEX_FMLE","Female",10.4715,"10.5 [5.1-17.9]",5.0607,17.92123
"10","curr_cig_smoke_std_preval",2022,2022,2022,"SEX","SEX_MLE","Male",14.1,"14.1 [10.5-17.6]",10.5,17.6
"11","adult_underwt_std_preval",2006,2006,2006,"SEX","SEX_FMLE","Female",11.30653,"11.3 [9.3-13.5]",9.26094,13.46242
"12","adult_overwt_std_preval",2003,2003,2003,"SEX","SEX_FMLE","Female",25.33338,"25.3 [23.1-27.6]",23.14559,27.61886
"13","std_adult_obesity_preval",2010,2010,2010,"SEX","SEX_MLE","Male",3.59751,"3.6 [2.4-5.0]",2.43644,4.99675
"14","std_diabetes_preval",2001,2001,2001,"SEX","SEX_FMLE","Female",7.76731,"7.8 [3.1-14.7]",3.1071,14.67764
"15","std_diabetes_preval",2000,2000,2000,"SEX","SEX_FMLE","Female",7.737,"7.7 [3.1-14.9]",3.05568,14.91134
"16","adult_underwt_std_preval",2013,2013,2013,"SEX","SEX_BTSX","Both sexes",13.00404,"13.0 [10.9-15.3]",10.85659,15.34629
"17","adult_underwt_std_preval",2015,2015,2015,"SEX","SEX_BTSX","Both sexes",12.71724,"12.7 [10.7-14.9]",10.67725,14.85761
"18","adult_overwt_std_preval",1997,1997,1997,"SEX","SEX_FMLE","Female",19.56407,"19.6 [17.4-21.9]",17.42626,21.87598
"19","adult_underwt_std_preval",2002,2002,2002,"SEX","SEX_MLE","Male",18.51321,"18.5 [12.3-25.0]",12.34294,25.03838
"20","std_diabetes_preval",2004,2004,2004,"SEX","SEX_MLE","Male",4.69831,"4.7 [1.9-9.0]",1.93384,9.01299
"21","std_diabetes_preval",2004,2004,2004,"SEX","SEX_FMLE","Female",7.78077,"7.8 [3.4-14.2]",3.36875,14.16346
"22","curr_tobacco_use_std_preval",2015,2015,2015,"SEX","SEX_FMLE","Female",3.5,"3.5 [2.7-4.2]",2.7,4.2
"23","std_diabetes_preval",2012,2012,2012,"SEX","SEX_MLE","Male",4.46097,"4.5 [2.4-7.3]",2.39693,7.3049
"24","std_diabetes_preval",1995,1995,1995,"SEX","SEX_MLE","Male",5.15911,"5.2 [1.9-10.5]",1.90498,10.53545
"25","insuff_activity_adult_std_preval",2015,2015,2015,"SEX","SEX_BTSX","Both sexes",9.84302,"9.8 [6.3-14.0]",6.26775,14.04927
"26","curr_cig_smoke_std_preval",2010,2010,2010,"SEX","SEX_FMLE","Female",0.6,"0.6 [0.4-0.8]",0.4,0.8
"27","curr_tobacco_use_std_preval",2010,2010,2010,"SEX","SEX_FMLE","Female",4.2,"4.2 [3.2-5.1]",3.2,5.1
"28","std_diabetes_preval",2020,2020,2020,"SEX","SEX_BTSX","Both sexes",6.94783,"6.9 [3.9-11.3]",3.91104,11.32335
"29","std_diabetes_preval",2002,2002,2002,"SEX","SEX_BTSX","Both sexes",5.39731,"5.4 [2.8-8.9]",2.82224,8.90224
"30","insuff_activity_adult_std_preval",2006,2006,2006,"SEX","SEX_FMLE","Female",13.22969,"13.2 [7.8-20.4]",7.76387,20.41412
"31","curr_tobacco_use_std_preval",2007,2007,2007,"SEX","SEX_BTSX","Both sexes",15.9,"15.9 [12.7-19.2]",12.7,19.2
"32","std_diabetes_preval",2011,2011,2011,"SEX","SEX_FMLE","Female",7.49373,"7.5 [4.1-11.9]",4.13417,11.87083
"33","adult_underwt_std_preval",2016,2016,2016,"SEX","SEX_MLE","Male",16.11925,"16.1 [12.5-19.9]",12.53499,19.90844
"34","insuff_activity_adult_std_preval",2022,2022,2022,"SEX","SEX_MLE","Male",8.47457,"8.5 [3.1-16.8]",3.09654,16.83245
"35","adult_underwt_std_preval",2019,2019,2019,"SEX","SEX_MLE","Male",16.09076,"16.1 [12.6-19.9]",12.64784,19.9051
"36","insuff_activity_adult_std_preval",2013,2013,2013,"SEX","SEX_MLE","Male",9.11177,"9.1 [5.2-14.3]",5.18317,14.30093
"37","std_adult_obesity_preval",2005,2005,2005,"SEX","SEX_FMLE","Female",8.40707,"8.4 [7.2-9.7]",7.22275,9.70137
"38","std_diabetes_preval",2009,2009,2009,"SEX","SEX_BTSX","Both sexes",5.26717,"5.3 [3.2-7.8]",3.2461,7.76822
"39","adult_underwt_std_preval",2014,2014,2014,"SEX","SEX_FMLE","Female",9.65989,"9.7 [7.9-11.6]",7.87762,11.5681
"40","insuff_activity_adult_std_preval",2021,2021,2021,"SEX","SEX_FMLE","Female",9.47517,"9.5 [3.3-19.2]",3.27553,19.21931
"41","std_adult_obesity_preval",1993,1993,1993,"SEX","SEX_FMLE","Female",3.82099,"3.8 [2.9-4.9]",2.91849,4.86208
"42","std_adult_obesity_preval",2021,2021,2021,"SEX","SEX_BTSX","Both sexes",11.90167,"11.9 [10.5-13.4]",10.48524,13.40525
"43","std_adult_obesity_preval",2018,2018,2018,"SEX","SEX_BTSX","Both sexes",10.4934,"10.5 [9.4-11.7]",9.39184,11.69568
"44","adult_underwt_std_preval",2009,2009,2009,"SEX","SEX_MLE","Male",17.02869,"17.0 [12.0-22.1]",12.03073,22.13343
"45","std_adult_obesity_preval",2009,2009,2009,"SEX","SEX_BTSX","Both sexes",7.07361,"7.1 [6.2-8.0]",6.17127,8.04136
"46","adult_overwt_std_preval",2008,2008,2008,"SEX","SEX_FMLE","Female",30.66388,"30.7 [28.4-32.9]",28.43833,32.93426
"47","adult_overwt_std_preval",2005,2005,2005,"SEX","SEX_FMLE","Female",27.46052,"27.5 [25.2-29.7]",25.23749,29.74846
"48","adult_overwt_std_preval",2000,2000,2000,"SEX","SEX_FMLE","Female",22.27642,"22.3 [20.1-24.5]",20.11976,24.48138
"49","std_diabetes_preval",2006,2006,2006,"SEX","SEX_FMLE","Female",7.71364,"7.7 [3.5-13.6]",3.53701,13.58337
"50","adult_overwt_std_preval",2018,2018,2018,"SEX","SEX_FMLE","Female",41.06969,"41.1 [38.5-43.7]",38.49008,43.72892
"51","std_diabetes_preval",2002,2002,2002,"SEX","SEX_BTSX","Both sexes",6.93816,"6.9 [3.7-11.4]",3.7027,11.37312
"52","adult_underwt_std_preval",1996,1996,1996,"SEX","SEX_MLE","Male",19.71856,"19.7 [13.1-26.8]",13.11856,26.83998
"53","std_diabetes_preval",1996,1996,1996,"SEX","SEX_FMLE","Female",7.44398,"7.4 [2.8-14.5]",2.75336,14.52234
"54","std_adult_obesity_preval",2018,2018,2018,"SEX","SEX_MLE","Male",4.9682,"5.0 [3.9-6.2]",3.89068,6.20857
"55","adult_overwt_std_preval",1991,1991,1991,"SEX","SEX_FMLE","Female",15.33993,"15.3 [12.9-18.0]",12.88528,18.02445
"56","adult_underwt_std_preval",2014,2014,2014,"SEX","SEX_BTSX","Both sexes",12.85111,"12.9 [10.8-15.1]",10.76284,15.08032
"57","std_adult_obesity_preval",2017,2017,2017,"SEX","SEX_MLE","Male",4.74839,"4.7 [3.7-6.0]",3.67802,5.96601
"58","std_diabetes_preval",2014,2014,2014,"SEX","SEX_BTSX","Both sexes",6.62348,"6.6 [4.5-9.1]",4.50379,9.13797
"59","std_diabetes_preval",2012,2012,2012,"SEX","SEX_BTSX","Both sexes",5.15378,"5.2 [3.4-7.2]",3.42397,7.20401
"60","adult_overwt_std_preval",2014,2014,2014,"SEX","SEX_MLE","Male",17.67915,"17.7 [15.1-20.4]",15.09503,20.43581
"61","std_diabetes_preval",1993,1993,1993,"SEX","SEX_BTSX","Both sexes",6.05026,"6.1 [2.9-10.5]",2.91466,10.49354
"62","curr_tobacco_smoke_std_preval",2025,2025,2025,"SEX","SEX_BTSX","Both sexes",7.7,"7.7 [5.6-9.9]",5.6,9.9
"63","adult_underwt_std_preval",1992,1992,1992,"SEX","SEX_BTSX","Both sexes",16.56166,"16.6 [12.8-20.5]",12.83911,20.45685
"64","insuff_activity_adult_std_preval",2009,2009,2009,"SEX","SEX_FMLE","Female",12.3047,"12.3 [7.5-18.4]",7.46425,18.36553
"65","std_diabetes_preval",1995,1995,1995,"SEX","SEX_BTSX","Both sexes",4.94304,"4.9 [2.4-8.7]",2.40796,8.65907
"66","std_diabetes_preval",2005,2005,2005,"SEX","SEX_MLE","Male",6.04811,"6.0 [2.6-11.3]",2.62871,11.27603
"67","std_adult_obesity_preval",1990,1990,1990,"SEX","SEX_FMLE","Female",3.17985,"3.2 [2.3-4.3]",2.25412,4.29299
"68","adult_overwt_std_preval",2015,2015,2015,"SEX","SEX_BTSX","Both sexes",28.22721,"28.2 [26.5-30.0]",26.45466,30.03274
"69","std_diabetes_preval",2021,2021,2021,"SEX","SEX_BTSX","Both sexes",7.06011,"7.1 [3.8-11.8]",3.75418,11.82838
"70","std_diabetes_preval",2009,2009,2009,"SEX","SEX_FMLE","Female",5.86691,"5.9 [3.0-9.8]",2.957,9.79673
"71","curr_tobacco_smoke_std_preval",2030,2030,2030,"SEX","SEX_FMLE","Female",0.5,"0.5 [0.2-0.8]",0.2,0.8
"72","adult_overwt_std_preval",2016,2016,2016,"SEX","SEX_BTSX","Both sexes",28.97998,"29.0 [27.2-30.8]",27.219,30.8084
"73","adult_underwt_std_preval",2017,2017,2017,"SEX","SEX_MLE","Male",16.08606,"16.1 [12.5-19.8]",12.5432,19.7623
"74","insuff_activity_adult_std_preval",2017,2017,2017,"SEX","SEX_BTSX","Both sexes",9.52378,"9.5 [5.7-14.3]",5.68111,14.25222
"75","std_adult_obesity_preval",2009,2009,2009,"SEX","SEX_FMLE","Female",10.49476,"10.5 [9.2-11.9]",9.19511,11.87842
"76","adult_overwt_std_preval",2005,2005,2005,"SEX","SEX_MLE","Male",13.78991,"13.8 [10.5-17.6]",10.51204,17.56959
"77","curr_tobacco_use_std_preval",2005,2005,2005,"SEX","SEX_BTSX","Both sexes",16.9,"16.9 [13.4-20.4]",13.4,20.4
"78","std_diabetes_preval",2005,2005,2005,"SEX","SEX_FMLE","Female",6.02531,"6.0 [2.6-10.9]",2.64283,10.91088
"79","insuff_activity_adult_std_preval",2003,2003,2003,"SEX","SEX_FMLE","Female",14.21878,"14.2 [7.5-23.3]",7.49412,23.33693
"80","std_diabetes_preval",1996,1996,1996,"SEX","SEX_BTSX","Both sexes",5.04377,"5.0 [2.5-8.8]",2.48232,8.76638
"81","insuff_activity_adult_std_preval",2020,2020,2020,"SEX","SEX_FMLE","Female",9.65445,"9.7 [3.6-18.9]",3.59699,18.92313
"82","std_diabetes_preval",2007,2007,2007,"SEX","SEX_MLE","Male",6.02087,"6.0 [2.8-10.8]",2.76046,10.84522
"83","std_diabetes_preval",2003,2003,2003,"SEX","SEX_MLE","Male",5.99602,"6.0 [2.5-11.5]",2.49261,11.52104
"84","std_adult_obesity_preval",1993,1993,1993,"SEX","SEX_BTSX","Both sexes",2.70003,"2.7 [2.1-3.5]",2.07063,3.46196
"85","std_diabetes_preval",2019,2019,2019,"SEX","SEX_MLE","Male",4.36639,"4.4 [2.0-8.0]",1.98147,7.97222
"86","insuff_activity_adult_std_preval",2021,2021,2021,"SEX","SEX_BTSX","Both sexes",9.01818,"9.0 [4.6-15.0]",4.57357,15.03123
"87","std_diabetes_preval",1991,1991,1991,"SEX","SEX_MLE","Male",3.55373,"3.6 [1.2-7.6]",1.21668,7.62316
"88","adult_underwt_std_preval",2006,2006,2006,"SEX","SEX_MLE","Male",17.6452,"17.6 [12.0-23.4]",12.02803,23.3622
"89","curr_tobacco_smoke_std_preval",2007,2007,2007,"SEX","SEX_MLE","Male",25,"25.0 [20.2-29.7]",20.2,29.7
"90","std_adult_obesity_preval",2001,2001,2001,"SEX","SEX_FMLE","Female",6.50042,"6.5 [5.4-7.7]",5.44271,7.66271
"91","std_diabetes_preval",2014,2014,2014,"SEX","SEX_MLE","Male",5.68642,"5.7 [3.2-9.1]",3.15755,9.14779
"92","std_adult_obesity_preval",2008,2008,2008,"SEX","SEX_BTSX","Both sexes",6.73215,"6.7 [5.8-7.7]",5.84503,7.69605
"93","adult_underwt_std_preval",2001,2001,2001,"SEX","SEX_FMLE","Female",12.12364,"12.1 [9.9-14.5]",9.86523,14.4868
"94","curr_cig_smoke_std_preval",2010,2010,2010,"SEX","SEX_BTSX","Both sexes",10.4,"10.4 [8.5-12.2]",8.5,12.2
"95","std_diabetes_preval",1994,1994,1994,"SEX","SEX_BTSX","Both sexes",6.19993,"6.2 [3.0-10.7]",3.01985,10.74405
"96","std_diabetes_preval",2011,2011,2011,"SEX","SEX_BTSX","Both sexes",6.70015,"6.7 [4.4-9.5]",4.36289,9.48911
"97","curr_tobacco_use_std_preval",2025,2025,2025,"SEX","SEX_FMLE","Female",2.4,"2.4 [1.5-3.4]",1.5,3.4
"98","insuff_activity_adult_std_preval",2002,2002,2002,"SEX","SEX_BTSX","Both sexes",12.72253,"12.7 [7.9-18.8]",7.93008,18.81795
"99","curr_cig_smoke_std_preval",2021,2021,2021,"SEX","SEX_MLE","Male",14.6,"14.6 [11.2-18.0]",11.2,18
"100","std_adult_obesity_preval",2016,2016,2016,"SEX","SEX_BTSX","Both sexes",9.63982,"9.6 [8.7-10.7]",8.65176,10.72344
"101","adult_underwt_std_preval",1990,1990,1990,"SEX","SEX_BTSX","Both sexes",16.8168,"16.8 [12.9-20.9]",12.88906,20.87165
"102","std_diabetes_preval",1998,1998,1998,"SEX","SEX_BTSX","Both sexes",5.21426,"5.2 [2.6-8.9]",2.60221,8.93928
"103","std_diabetes_preval",2017,2017,2017,"SEX","SEX_FMLE","Female",7.73306,"7.7 [4.3-12.4]",4.27458,12.44961
"104","insuff_activity_adult_std_preval",2007,2007,2007,"SEX","SEX_FMLE","Female",12.91402,"12.9 [7.8-19.7]",7.77489,19.66261
"105","insuff_activity_adult_std_preval",2011,2011,2011,"SEX","SEX_BTSX","Both sexes",10.6184,"10.6 [7.4-14.3]",7.41684,14.34445
"106","adult_underwt_std_preval",2011,2011,2011,"SEX","SEX_FMLE","Female",10.28205,"10.3 [8.4-12.2]",8.44851,12.23581
"107","curr_tobacco_use_std_preval",2030,2030,2030,"SEX","SEX_MLE","Male",15.5,"15.5 [10.2-20.7]",10.2,20.7
"108","adult_overwt_std_preval",1994,1994,1994,"SEX","SEX_FMLE","Female",17.29513,"17.3 [15.1-19.7]",15.08853,19.73567
"109","adult_overwt_std_preval",1992,1992,1992,"SEX","SEX_FMLE","Female",15.9685,"16.0 [13.6-18.6]",13.61707,18.56001
"110","adult_underwt_std_preval",2007,2007,2007,"SEX","SEX_BTSX","Both sexes",14.15712,"14.2 [11.5-17.1]",11.45404,17.12565
"111","std_adult_obesity_preval",1992,1992,1992,"SEX","SEX_BTSX","Both sexes",2.54205,"2.5 [1.9-3.3]",1.92222,3.30552
"112","std_adult_obesity_preval",2022,2022,2022,"SEX","SEX_BTSX","Both sexes",12.41028,"12.4 [10.9-14.1]",10.85591,14.07358
"113","std_diabetes_preval",2021,2021,2021,"SEX","SEX_FMLE","Female",8.33131,"8.3 [3.4-15.9]",3.37696,15.90181
"114","std_adult_obesity_preval",2019,2019,2019,"SEX","SEX_BTSX","Both sexes",10.94247,"10.9 [9.7-12.2]",9.74886,12.22173
"115","adult_overwt_std_preval",1993,1993,1993,"SEX","SEX_BTSX","Both sexes",12.90093,"12.9 [10.9-15.2]",10.90665,15.1648
"116","insuff_activity_adult_std_preval",2015,2015,2015,"SEX","SEX_MLE","Male",8.88249,"8.9 [4.7-14.4]",4.69039,14.42439
"117","std_diabetes_preval",2012,2012,2012,"SEX","SEX_FMLE","Female",7.47535,"7.5 [4.3-11.6]",4.27978,11.60525
"118","std_diabetes_preval",1999,1999,1999,"SEX","SEX_MLE","Male",4.44998,"4.4 [1.7-9.1]",1.66968,9.05938
"119","std_diabetes_preval",2014,2014,2014,"SEX","SEX_BTSX","Both sexes",5.12413,"5.1 [3.5-7.1]",3.47289,7.09918
"120","insuff_activity_adult_std_preval",2019,2019,2019,"SEX","SEX_FMLE","Female",9.84394,"9.8 [3.9-18.7]",3.94599,18.67714
"121","adult_underwt_std_preval",1998,1998,1998,"SEX","SEX_BTSX","Both sexes",15.7733,"15.8 [12.5-19.4]",12.45709,19.42146
"122","adult_overwt_std_preval",1999,1999,1999,"SEX","SEX_BTSX","Both sexes",16.4155,"16.4 [14.4-18.6]",14.42049,18.60379
"123","std_adult_obesity_preval",2011,2011,2011,"SEX","SEX_FMLE","Female",11.58883,"11.6 [10.2-13.0]",10.22447,13.03232
"124","adult_overwt_std_preval",2017,2017,2017,"SEX","SEX_FMLE","Female",40.04975,"40.0 [37.7-42.6]",37.65773,42.58516
"125","adult_overwt_std_preval",2008,2008,2008,"SEX","SEX_MLE","Male",15.12117,"15.1 [11.9-18.6]",11.94576,18.59434
"126","adult_underwt_std_preval",2007,2007,2007,"SEX","SEX_FMLE","Female",11.11506,"11.1 [9.1-13.2]",9.11358,13.24301
"127","std_diabetes_preval",2008,2008,2008,"SEX","SEX_BTSX","Both sexes",6.84592,"6.8 [4.1-10.2]",4.13304,10.2222
"128","std_adult_obesity_preval",1999,1999,1999,"SEX","SEX_BTSX","Both sexes",3.94346,"3.9 [3.2-4.8]",3.2392,4.79186
"129","adult_overwt_std_preval",1999,1999,1999,"SEX","SEX_FMLE","Female",21.32607,"21.3 [19.2-23.6]",19.15704,23.58168
"130","std_adult_obesity_preval",2022,2022,2022,"SEX","SEX_MLE","Male",6.03887,"6.0 [4.6-7.7]",4.60027,7.71659
"131","std_diabetes_preval",2006,2006,2006,"SEX","SEX_BTSX","Both sexes",6.93345,"6.9 [4.0-10.8]",3.97233,10.75835
"132","adult_underwt_std_preval",2004,2004,2004,"SEX","SEX_BTSX","Both sexes",14.74623,"14.7 [11.8-18.0]",11.75628,17.98726
"133","std_adult_obesity_preval",1992,1992,1992,"SEX","SEX_FMLE","Female",3.59248,"3.6 [2.7-4.6]",2.68264,4.64136
"134","curr_cig_smoke_std_preval",2010,2010,2010,"SEX","SEX_MLE","Male",20.1,"20.1 [16.6-23.6]",16.6,23.6
"135","std_adult_obesity_preval",2014,2014,2014,"SEX","SEX_FMLE","Female",13.31556,"13.3 [11.8-14.9]",11.84614,14.89328
"136","std_diabetes_preval",1997,1997,1997,"SEX","SEX_FMLE","Female",5.86948,"5.9 [2.2-11.7]",2.16826,11.72407
"137","std_diabetes_preval",2007,2007,2007,"SEX","SEX_MLE","Male",4.67541,"4.7 [2.1-8.4]",2.11892,8.39628
"138","adult_underwt_std_preval",2008,2008,2008,"SEX","SEX_BTSX","Both sexes",13.95582,"14.0 [11.3-16.8]",11.33313,16.83946
"139","curr_tobacco_use_std_preval",2000,2000,2000,"SEX","SEX_BTSX","Both sexes",19.5,"19.5 [13.8-25.1]",13.8,25.1
"140","curr_cig_smoke_std_preval",2030,2030,2030,"SEX","SEX_MLE","Male",11.3,"11.3 [7.4-15.2]",7.4,15.2
"141","std_diabetes_preval",2007,2007,2007,"SEX","SEX_BTSX","Both sexes",5.3487,"5.3 [3.1-8.2]",3.13263,8.20092
"142","std_adult_obesity_preval",1990,1990,1990,"SEX","SEX_MLE","Male",1.21185,"1.2 [0.5-2.3]",0.53546,2.30343
"143","std_adult_obesity_preval",1998,1998,1998,"SEX","SEX_BTSX","Both sexes",3.69336,"3.7 [3.0-4.5]",2.99972,4.51102
"144","insuff_activity_adult_std_preval",2001,2001,2001,"SEX","SEX_BTSX","Both sexes",12.97876,"13.0 [7.8-19.5]",7.8267,19.52767
"145","std_diabetes_preval",2022,2022,2022,"SEX","SEX_BTSX","Both sexes",7.18834,"7.2 [3.5-12.6]",3.53715,12.64382
"146","curr_tobacco_smoke_std_preval",2015,2015,2015,"SEX","SEX_MLE","Male",19.7,"19.7 [16.2-23.3]",16.2,23.3
"147","std_diabetes_preval",2016,2016,2016,"SEX","SEX_FMLE","Female",7.63394,"7.6 [4.4-12.0]",4.36501,11.97222
"148","std_diabetes_preval",2007,2007,2007,"SEX","SEX_BTSX","Both sexes",6.8933,"6.9 [4.1-10.5]",4.07453,10.49153
"149","adult_overwt_std_preval",1995,1995,1995,"SEX","SEX_MLE","Male",9.54121,"9.5 [6.3-13.5]",6.32064,13.51863
"150","std_diabetes_preval",1996,1996,1996,"SEX","SEX_BTSX","Both sexes",6.47264,"6.5 [3.2-11.1]",3.22803,11.09277
"151","std_diabetes_preval",1997,1997,1997,"SEX","SEX_BTSX","Both sexes",5.1351,"5.1 [2.5-8.9]",2.53828,8.87829
"152","insuff_activity_adult_std_preval",2005,2005,2005,"SEX","SEX_FMLE","Female",13.55261,"13.6 [7.7-21.3]",7.73942,21.32153
"153","std_diabetes_preval",1992,1992,1992,"SEX","SEX_MLE","Male",4.6817,"4.7 [1.7-9.8]",1.68709,9.78776
"154","adult_underwt_std_preval",2007,2007,2007,"SEX","SEX_MLE","Male",17.43339,"17.4 [12.0-23.0]",11.99762,22.95868
"155","adult_overwt_std_preval",1990,1990,1990,"SEX","SEX_BTSX","Both sexes",11.44669,"11.4 [9.4-13.9]",9.37176,13.88338
"156","curr_tobacco_use_std_preval",2010,2010,2010,"SEX","SEX_BTSX","Both sexes",14.7,"14.7 [11.8-17.7]",11.8,17.7
"157","std_diabetes_preval",2013,2013,2013,"SEX","SEX_BTSX","Both sexes",6.6331,"6.6 [4.5-9.2]",4.48855,9.16215
"158","curr_cig_smoke_std_preval",2005,2005,2005,"SEX","SEX_BTSX","Both sexes",12.1,"12.1 [9.2-15.1]",9.2,15.1
"159","adult_underwt_std_preval",2011,2011,2011,"SEX","SEX_MLE","Male",16.66645,"16.7 [12.2-21.3]",12.15739,21.33331
"160","adult_underwt_std_preval",2019,2019,2019,"SEX","SEX_FMLE","Female",8.8361,"8.8 [6.9-11.0]",6.88797,11.01309
"161","std_adult_obesity_preval",2014,2014,2014,"SEX","SEX_MLE","Male",4.18845,"4.2 [3.1-5.4]",3.10966,5.44183
"162","curr_cig_smoke_std_preval",2022,2022,2022,"SEX","SEX_BTSX","Both sexes",7.2,"7.2 [5.4-9.0]",5.4,9
"163","std_diabetes_preval",1992,1992,1992,"SEX","SEX_BTSX","Both sexes",4.59609,"4.6 [2.1-8.2]",2.14915,8.15328
"164","std_diabetes_preval",1997,1997,1997,"SEX","SEX_FMLE","Female",7.54453,"7.5 [2.8-14.7]",2.83824,14.65125
"165","std_adult_obesity_preval",1995,1995,1995,"SEX","SEX_FMLE","Female",4.33276,"4.3 [3.4-5.4]",3.42849,5.36312
"166","adult_underwt_std_preval",2017,2017,2017,"SEX","SEX_FMLE","Female",9.13804,"9.1 [7.3-11.1]",7.29132,11.14589
"167","adult_underwt_std_preval",2001,2001,2001,"SEX","SEX_BTSX","Both sexes",15.29354,"15.3 [12.1-18.8]",12.06827,18.80312
"168","curr_cig_smoke_std_preval",2000,2000,2000,"SEX","SEX_BTSX","Both sexes",14.1,"14.1 [10.6-17.7]",10.6,17.7
"169","insuff_activity_adult_std_preval",2012,2012,2012,"SEX","SEX_BTSX","Both sexes",10.40949,"10.4 [7.2-14.1]",7.15344,14.13033
"170","std_adult_obesity_preval",2013,2013,2013,"SEX","SEX_FMLE","Female",12.72589,"12.7 [11.3-14.2]",11.29759,14.22948
"171","std_diabetes_preval",1998,1998,1998,"SEX","SEX_MLE","Male",5.57546,"5.6 [2.1-11.2]",2.11387,11.20409
"172","std_diabetes_preval",2010,2010,2010,"SEX","SEX_BTSX","Both sexes",5.22627,"5.2 [3.3-7.5]",3.2946,7.54146
"173","std_adult_obesity_preval",1996,1996,1996,"SEX","SEX_FMLE","Female",4.62293,"4.6 [3.7-5.7]",3.7221,5.66737
"174","std_diabetes_preval",2000,2000,2000,"SEX","SEX_BTSX","Both sexes",6.84869,"6.8 [3.6-11.4]",3.55462,11.44009
"175","insuff_activity_adult_std_preval",2019,2019,2019,"SEX","SEX_BTSX","Both sexes",9.24916,"9.2 [5.1-14.6]",5.1165,14.58067
"176","adult_overwt_std_preval",2011,2011,2011,"SEX","SEX_MLE","Male",16.38257,"16.4 [13.5-19.5]",13.45421,19.50142
"177","adult_overwt_std_preval",2014,2014,2014,"SEX","SEX_FMLE","Female",36.9495,"36.9 [34.8-39.3]",34.76862,39.26877
"178","adult_underwt_std_preval",2018,2018,2018,"SEX","SEX_FMLE","Female",8.98257,"9.0 [7.1-11.0]",7.10377,11.04614
"179","std_diabetes_preval",1993,1993,1993,"SEX","SEX_BTSX","Both sexes",4.71758,"4.7 [2.2-8.3]",2.24207,8.31646
"180","std_diabetes_preval",1999,1999,1999,"SEX","SEX_BTSX","Both sexes",5.27994,"5.3 [2.7-9.0]",2.6703,9.00965
"181","adult_underwt_std_preval",2013,2013,2013,"SEX","SEX_MLE","Male",16.36923,"16.4 [12.3-20.5]",12.29385,20.51369
"182","adult_underwt_std_preval",2015,2015,2015,"SEX","SEX_FMLE","Female",9.47458,"9.5 [7.7-11.4]",7.68462,11.41297
"183","std_diabetes_preval",2018,2018,2018,"SEX","SEX_BTSX","Both sexes",6.77451,"6.8 [4.2-10.1]",4.20119,10.12654
"184","adult_overwt_std_preval",2006,2006,2006,"SEX","SEX_FMLE","Female",28.53143,"28.5 [26.3-30.8]",26.30517,30.84492
"185","std_diabetes_preval",2004,2004,2004,"SEX","SEX_FMLE","Female",6.04596,"6.0 [2.6-11.2]",2.57638,11.20415
"186","curr_tobacco_smoke_std_preval",2020,2020,2020,"SEX","SEX_FMLE","Female",0.9,"0.9 [0.5-1.2]",0.5,1.2
"187","std_diabetes_preval",2008,2008,2008,"SEX","SEX_MLE","Male",5.98726,"6.0 [2.8-10.5]",2.82033,10.47751
"188","curr_cig_smoke_std_preval",2030,2030,2030,"SEX","SEX_BTSX","Both sexes",5.8,"5.8 [3.8-7.8]",3.8,7.8
"189","std_diabetes_preval",1998,1998,1998,"SEX","SEX_MLE","Male",4.36211,"4.4 [1.6-8.9]",1.61651,8.90917
"190","std_diabetes_preval",2012,2012,2012,"SEX","SEX_BTSX","Both sexes",6.65955,"6.7 [4.4-9.3]",4.39133,9.29646
"191","std_diabetes_preval",1994,1994,1994,"SEX","SEX_FMLE","Female",7.20274,"7.2 [2.6-14.4]",2.57984,14.42208
"192","curr_tobacco_use_std_preval",2022,2022,2022,"SEX","SEX_BTSX","Both sexes",10.7,"10.7 [7.7-13.6]",7.7,13.6
"193","std_adult_obesity_preval",1997,1997,1997,"SEX","SEX_BTSX","Both sexes",3.46143,"3.5 [2.8-4.3]",2.7808,4.26159
"194","adult_overwt_std_preval",2017,2017,2017,"SEX","SEX_BTSX","Both sexes",29.74258,"29.7 [27.9-31.6]",27.94575,31.567
"195","std_adult_obesity_preval",1992,1992,1992,"SEX","SEX_MLE","Male",1.36087,"1.4 [0.6-2.5]",0.6361,2.49747
"196","std_diabetes_preval",2012,2012,2012,"SEX","SEX_MLE","Male",5.7756,"5.8 [3.1-9.4]",3.12489,9.4038
"197","std_adult_obesity_preval",2002,2002,2002,"SEX","SEX_MLE","Male",2.43578,"2.4 [1.4-3.8]",1.42509,3.84484
"198","insuff_activity_adult_std_preval",2004,2004,2004,"SEX","SEX_MLE","Male",10.3825,"10.4 [5.6-16.9]",5.59689,16.88947
"199","adult_overwt_std_preval",1990,1990,1990,"SEX","SEX_FMLE","Female",14.73275,"14.7 [12.2-17.5]",12.18492,17.5395
"200","adult_underwt_std_preval",2014,2014,2014,"SEX","SEX_MLE","Male",16.25999,"16.3 [12.4-20.2]",12.42941,20.23683
"201","std_diabetes_preval",2006,2006,2006,"SEX","SEX_BTSX","Both sexes",5.38313,"5.4 [3.1-8.4]",3.059,8.39042
"202","curr_cig_smoke_std_preval",2005,2005,2005,"SEX","SEX_FMLE","Female",0.8,"0.8 [0.6-1.1]",0.6,1.1
"203","std_diabetes_preval",2001,2001,2001,"SEX","SEX_MLE","Male",4.58646,"4.6 [1.8-9.2]",1.77184,9.16644
"204","adult_overwt_std_preval",2020,2020,2020,"SEX","SEX_MLE","Male",20.7556,"20.8 [18.2-23.5]",18.1813,23.50127
"205","adult_underwt_std_preval",2003,2003,2003,"SEX","SEX_MLE","Male",18.29841,"18.3 [12.3-24.6]",12.25422,24.6066
"206","curr_tobacco_use_std_preval",2005,2005,2005,"SEX","SEX_FMLE","Female",5,"5.0 [3.6-6.4]",3.6,6.4
"207","adult_overwt_std_preval",2016,2016,2016,"SEX","SEX_FMLE","Female",39.02339,"39.0 [36.7-41.5]",36.73342,41.45955
"208","curr_tobacco_smoke_std_preval",2022,2022,2022,"SEX","SEX_BTSX","Both sexes",8.4,"8.4 [6.4-10.5]",6.4,10.5
"209","std_diabetes_preval",1992,1992,1992,"SEX","SEX_BTSX","Both sexes",5.89282,"5.9 [2.8-10.3]",2.79031,10.34657
"210","curr_cig_smoke_std_preval",2015,2015,2015,"SEX","SEX_BTSX","Both sexes",8.9,"8.9 [7.2-10.7]",7.2,10.7
"211","std_diabetes_preval",1992,1992,1992,"SEX","SEX_FMLE","Female",5.38271,"5.4 [1.8-11.4]",1.79615,11.37639
"212","adult_overwt_std_preval",2021,2021,2021,"SEX","SEX_FMLE","Female",44.09051,"44.1 [40.9-47.4]",40.85179,47.36069
"213","insuff_activity_adult_std_preval",2018,2018,2018,"SEX","SEX_MLE","Male",8.63656,"8.6 [4.0-15.2]",4.01077,15.19361
"214","curr_tobacco_smoke_std_preval",2030,2030,2030,"SEX","SEX_BTSX","Both sexes",6.7,"6.7 [4.2-9.1]",4.2,9.1
"215","std_diabetes_preval",2019,2019,2019,"SEX","SEX_MLE","Male",5.67241,"5.7 [2.6-10.4]",2.5561,10.37202
"216","adult_overwt_std_preval",2009,2009,2009,"SEX","SEX_FMLE","Female",31.72015,"31.7 [29.5-34.0]",29.52645,33.99291
"217","std_adult_obesity_preval",2012,2012,2012,"SEX","SEX_FMLE","Female",12.15132,"12.2 [10.8-13.6]",10.76012,13.63597
"218","std_diabetes_preval",2016,2016,2016,"SEX","SEX_MLE","Male",5.64683,"5.6 [3.0-9.2]",3.02631,9.21738
"219","curr_tobacco_smoke_std_preval",2005,2005,2005,"SEX","SEX_MLE","Male",26.5,"26.5 [20.9-32.1]",20.9,32.1
"220","insuff_activity_adult_std_preval",2016,2016,2016,"SEX","SEX_MLE","Male",8.78785,"8.8 [4.4-14.7]",4.44649,14.65085
"221","adult_overwt_std_preval",1993,1993,1993,"SEX","SEX_FMLE","Female",16.6193,"16.6 [14.4-19.1]",14.35284,19.12434
"222","std_adult_obesity_preval",1996,1996,1996,"SEX","SEX_BTSX","Both sexes",3.24751,"3.2 [2.6-4.0]",2.58199,4.03545
"223","std_diabetes_preval",2006,2006,2006,"SEX","SEX_MLE","Male",4.697,"4.7 [2.1-8.6]",2.05602,8.63041
"224","curr_tobacco_use_std_preval",2022,2022,2022,"SEX","SEX_MLE","Male",18.7,"18.7 [13.6-23.7]",13.6,23.7
"225","adult_underwt_std_preval",1990,1990,1990,"SEX","SEX_FMLE","Female",13.15841,"13.2 [9.8-16.8]",9.83156,16.79997
"226","std_diabetes_preval",1995,1995,1995,"SEX","SEX_FMLE","Female",5.70273,"5.7 [2.0-11.6]",2.01131,11.56817
"227","curr_tobacco_smoke_std_preval",2025,2025,2025,"SEX","SEX_FMLE","Female",0.7,"0.7 [0.4-0.9]",0.4,0.9
"228","adult_underwt_std_preval",2005,2005,2005,"SEX","SEX_FMLE","Female",11.48756,"11.5 [9.4-13.7]",9.41605,13.6936
"229","std_diabetes_preval",1991,1991,1991,"SEX","SEX_MLE","Male",4.52191,"4.5 [1.6-9.5]",1.57888,9.52958
"230","std_adult_obesity_preval",2001,2001,2001,"SEX","SEX_MLE","Male",2.30111,"2.3 [1.3-3.7]",1.32853,3.67594
"231","std_diabetes_preval",2015,2015,2015,"SEX","SEX_BTSX","Both sexes",6.63254,"6.6 [4.5-9.2]",4.47227,9.21938
"232","std_diabetes_preval",2016,2016,2016,"SEX","SEX_FMLE","Female",5.93072,"5.9 [3.4-9.3]",3.36267,9.31938
"233","curr_tobacco_smoke_std_preval",2000,2000,2000,"SEX","SEX_FMLE","Female",2.6,"2.6 [1.7-3.6]",1.7,3.6
"234","std_diabetes_preval",2000,2000,2000,"SEX","SEX_MLE","Male",4.52482,"4.5 [1.7-9.1]",1.71638,9.1328
"235","std_diabetes_preval",2013,2013,2013,"SEX","SEX_BTSX","Both sexes",5.13204,"5.1 [3.5-7.1]",3.47065,7.10923
"236","std_diabetes_preval",1990,1990,1990,"SEX","SEX_BTSX","Both sexes",5.57466,"5.6 [2.6-10.1]",2.57794,10.07036
"237","std_adult_obesity_preval",2017,2017,2017,"SEX","SEX_BTSX","Both sexes",10.05952,"10.1 [9.0-11.2]",9.02505,11.18636
"238","std_diabetes_preval",2021,2021,2021,"SEX","SEX_FMLE","Female",6.51654,"6.5 [2.6-12.7]",2.56882,12.66314
"239","std_diabetes_preval",2021,2021,2021,"SEX","SEX_BTSX","Both sexes",5.48868,"5.5 [2.9-9.3]",2.86817,9.3043
"240","std_adult_obesity_preval",2013,2013,2013,"SEX","SEX_MLE","Male",4.03013,"4.0 [2.9-5.3]",2.93862,5.30419
"241","adult_overwt_std_preval",1990,1990,1990,"SEX","SEX_MLE","Male",7.85383,"7.9 [4.8-11.9]",4.79085,11.85921
"242","std_diabetes_preval",2018,2018,2018,"SEX","SEX_MLE","Male",5.65325,"5.7 [2.7-9.9]",2.74373,9.87164
"243","curr_tobacco_smoke_std_preval",2010,2010,2010,"SEX","SEX_FMLE","Female",1.5,"1.5 [1.1-1.9]",1.1,1.9
"244","std_diabetes_preval",2019,2019,2019,"SEX","SEX_FMLE","Female",7.98914,"8.0 [3.9-13.9]",3.87156,13.91534
"245","std_diabetes_preval",2009,2009,2009,"SEX","SEX_BTSX","Both sexes",6.79643,"6.8 [4.2-10.0]",4.19491,9.97811
"246","adult_overwt_std_preval",2022,2022,2022,"SEX","SEX_MLE","Male",21.95671,"22.0 [18.9-25.1]",18.93346,25.14884
"247","adult_underwt_std_preval",1994,1994,1994,"SEX","SEX_FMLE","Female",12.82402,"12.8 [10.1-15.8]",10.11453,15.77246
"248","curr_tobacco_use_std_preval",2021,2021,2021,"SEX","SEX_BTSX","Both sexes",11,"11.0 [8.0-13.9]",8,13.9
"249","curr_cig_smoke_std_preval",2015,2015,2015,"SEX","SEX_MLE","Male",17.4,"17.4 [14.1-20.7]",14.1,20.7
"250","adult_underwt_std_preval",2008,2008,2008,"SEX","SEX_MLE","Male",17.22547,"17.2 [12.0-22.5]",11.96052,22.54359
"251","adult_underwt_std_preval",2022,2022,2022,"SEX","SEX_FMLE","Female",8.44044,"8.4 [6.2-11.1]",6.19246,11.07207
"252","std_diabetes_preval",2001,2001,2001,"SEX","SEX_FMLE","Female",6.0397,"6.0 [2.4-11.7]",2.37641,11.72377
"253","adult_underwt_std_preval",1997,1997,1997,"SEX","SEX_FMLE","Female",12.57662,"12.6 [10.1-15.2]",10.10972,15.20797
"254","std_diabetes_preval",2017,2017,2017,"SEX","SEX_MLE","Male",4.34662,"4.3 [2.2-7.3]",2.22507,7.33277
"255","insuff_activity_adult_std_preval",2007,2007,2007,"SEX","SEX_BTSX","Both sexes",11.51544,"11.5 [8.0-15.8]",8.04218,15.77555
"256","std_diabetes_preval",2003,2003,2003,"SEX","SEX_FMLE","Female",6.05431,"6.1 [2.5-11.4]",2.50996,11.41027
"257","insuff_activity_adult_std_preval",2012,2012,2012,"SEX","SEX_FMLE","Female",11.45568,"11.5 [6.6-17.4]",6.64269,17.38516
"258","curr_tobacco_use_std_preval",2005,2005,2005,"SEX","SEX_MLE","Male",28.7,"28.7 [23.1-34.3]",23.1,34.3
"259","std_diabetes_preval",2021,2021,2021,"SEX","SEX_MLE","Male",4.42463,"4.4 [1.6-9.0]",1.63323,8.96258
"260","adult_overwt_std_preval",2012,2012,2012,"SEX","SEX_BTSX","Both sexes",26.0139,"26.0 [24.2-27.8]",24.20726,27.84419
"261","std_adult_obesity_preval",2020,2020,2020,"SEX","SEX_MLE","Male",5.46465,"5.5 [4.3-6.9]",4.26002,6.85367
"262","std_diabetes_preval",2005,2005,2005,"SEX","SEX_BTSX","Both sexes",6.96247,"7.0 [3.9-11.0]",3.91864,11.0069
"263","std_diabetes_preval",1993,1993,1993,"SEX","SEX_FMLE","Female",7.06634,"7.1 [2.5-14.3]",2.47703,14.32
"264","insuff_activity_adult_std_preval",2022,2022,2022,"SEX","SEX_BTSX","Both sexes",8.91724,"8.9 [4.4-15.3]",4.36017,15.28471
"265","adult_overwt_std_preval",2012,2012,2012,"SEX","SEX_MLE","Male",16.80546,"16.8 [14.0-19.8]",13.99612,19.8251
"266","adult_overwt_std_preval",1997,1997,1997,"SEX","SEX_MLE","Male",10.2941,"10.3 [7.0-14.2]",7.02141,14.18717
"267","std_diabetes_preval",2022,2022,2022,"SEX","SEX_BTSX","Both sexes",5.59685,"5.6 [2.7-10.0]",2.70409,9.971
"268","std_diabetes_preval",2001,2001,2001,"SEX","SEX_BTSX","Both sexes",5.37017,"5.4 [2.8-9.0]",2.77459,8.98285
"269","curr_cig_smoke_std_preval",2007,2007,2007,"SEX","SEX_FMLE","Female",0.8,"0.8 [0.5-1.0]",0.5,1
"270","std_adult_obesity_preval",2003,2003,2003,"SEX","SEX_MLE","Male",2.57545,"2.6 [1.5-4.0]",1.52883,3.99838
"271","adult_overwt_std_preval",1991,1991,1991,"SEX","SEX_BTSX","Both sexes",11.91645,"11.9 [9.9-14.3]",9.87273,14.2708
"272","curr_tobacco_use_std_preval",2022,2022,2022,"SEX","SEX_FMLE","Female",2.7,"2.7 [1.9-3.5]",1.9,3.5
"273","adult_underwt_std_preval",2015,2015,2015,"SEX","SEX_MLE","Male",16.17662,"16.2 [12.5-20.0]",12.49352,20.03784
"274","adult_underwt_std_preval",2002,2002,2002,"SEX","SEX_FMLE","Female",11.9818,"12.0 [9.8-14.3]",9.78736,14.3035
"275","insuff_activity_adult_std_preval",2001,2001,2001,"SEX","SEX_FMLE","Female",14.91584,"14.9 [7.3-25.5]",7.27494,25.50428
"276","adult_overwt_std_preval",2007,2007,2007,"SEX","SEX_MLE","Male",14.6866,"14.7 [11.5-18.3]",11.46805,18.30478
"277","adult_overwt_std_preval",2001,2001,2001,"SEX","SEX_BTSX","Both sexes",17.81708,"17.8 [15.8-20.0]",15.79867,19.99731
"278","insuff_activity_adult_std_preval",2019,2019,2019,"SEX","SEX_MLE","Male",8.57898,"8.6 [3.8-15.6]",3.78322,15.56071
"279","std_diabetes_preval",2020,2020,2020,"SEX","SEX_BTSX","Both sexes",5.39443,"5.4 [3.0-8.8]",3.01106,8.80355
"280","std_diabetes_preval",2003,2003,2003,"SEX","SEX_BTSX","Both sexes",5.41424,"5.4 [2.9-8.8]",2.88122,8.83431
"281","adult_underwt_std_preval",2011,2011,2011,"SEX","SEX_BTSX","Both sexes",13.36233,"13.4 [11.0-15.9]",11.02682,15.9089
"282","curr_cig_smoke_std_preval",2000,2000,2000,"SEX","SEX_MLE","Male",27.1,"27.1 [20.4-33.8]",20.4,33.8
"283","insuff_activity_adult_std_preval",2009,2009,2009,"SEX","SEX_BTSX","Both sexes",11.05694,"11.1 [7.8-15.0]",7.84099,14.98047
"284","std_diabetes_preval",2020,2020,2020,"SEX","SEX_MLE","Male",4.39052,"4.4 [1.8-8.4]",1.80256,8.43619
"285","adult_overwt_std_preval",1997,1997,1997,"SEX","SEX_BTSX","Both sexes",15.12123,"15.1 [13.1-17.3]",13.1322,17.31143
"286","std_diabetes_preval",2019,2019,2019,"SEX","SEX_FMLE","Female",6.22785,"6.2 [3.0-11.0]",2.97697,10.96247
"287","curr_cig_smoke_std_preval",2000,2000,2000,"SEX","SEX_FMLE","Female",1.1,"1.1 [0.7-1.6]",0.7,1.6
"288","std_diabetes_preval",2010,2010,2010,"SEX","SEX_FMLE","Female",7.52376,"7.5 [4.0-12.2]",4.02561,12.15916
"289","adult_overwt_std_preval",2013,2013,2013,"SEX","SEX_BTSX","Both sexes",26.74463,"26.7 [24.9-28.6]",24.93188,28.57468
"290","insuff_activity_adult_std_preval",2010,2010,2010,"SEX","SEX_MLE","Male",9.52574,"9.5 [5.7-14.6]",5.73305,14.5554
"291","curr_tobacco_use_std_preval",2010,2010,2010,"SEX","SEX_MLE","Male",25.3,"25.3 [20.5-30.2]",20.5,30.2
"292","adult_overwt_std_preval",1991,1991,1991,"SEX","SEX_MLE","Male",8.17398,"8.2 [5.1-12.2]",5.10871,12.17067
"293","adult_overwt_std_preval",2001,2001,2001,"SEX","SEX_FMLE","Female",23.26541,"23.3 [21.1-25.5]",21.0883,25.5012
"294","std_diabetes_preval",1994,1994,1994,"SEX","SEX_MLE","Male",5.00268,"5.0 [1.8-10.2]",1.80823,10.2097
"295","curr_tobacco_smoke_std_preval",2021,2021,2021,"SEX","SEX_FMLE","Female",0.8,"0.8 [0.5-1.1]",0.5,1.1
"296","std_diabetes_preval",1990,1990,1990,"SEX","SEX_FMLE","Female",5.14552,"5.1 [1.6-11.2]",1.62006,11.2023
"297","std_diabetes_preval",1997,1997,1997,"SEX","SEX_BTSX","Both sexes",6.59116,"6.6 [3.3-11.2]",3.32338,11.23119
"298","insuff_activity_adult_std_preval",2012,2012,2012,"SEX","SEX_MLE","Male",9.2433,"9.2 [5.4-14.3]",5.35949,14.30986
"299","std_diabetes_preval",2015,2015,2015,"SEX","SEX_FMLE","Female",7.55353,"7.6 [4.4-11.7]",4.40349,11.74606
"300","adult_overwt_std_preval",2008,2008,2008,"SEX","SEX_BTSX","Both sexes",23.08007,"23.1 [21.1-25.1]",21.14423,25.08431
"301","curr_tobacco_use_std_preval",2021,2021,2021,"SEX","SEX_MLE","Male",19.2,"19.2 [14.1-24.3]",14.1,24.3
"302","curr_tobacco_smoke_std_preval",2015,2015,2015,"SEX","SEX_BTSX","Both sexes",10.4,"10.4 [8.5-12.4]",8.5,12.4
"303","adult_overwt_std_preval",2007,2007,2007,"SEX","SEX_BTSX","Both sexes",22.33197,"22.3 [20.4-24.4]",20.36237,24.3723
"304","adult_overwt_std_preval",2019,2019,2019,"SEX","SEX_FMLE","Female",42.08094,"42.1 [39.4-44.9]",39.35376,44.86994
"305","adult_overwt_std_preval",2012,2012,2012,"SEX","SEX_FMLE","Female",34.86551,"34.9 [32.7-37.2]",32.72622,37.16521
"306","std_adult_obesity_preval",1997,1997,1997,"SEX","SEX_FMLE","Female",4.94078,"4.9 [4.0-6.0]",4.01346,5.99388
"307","insuff_activity_adult_std_preval",2020,2020,2020,"SEX","SEX_MLE","Male",8.53412,"8.5 [3.6-15.9]",3.55596,15.90388
"308","curr_tobacco_use_std_preval",2025,2025,2025,"SEX","SEX_MLE","Male",17.4,"17.4 [12.1-22.8]",12.1,22.8
"309","curr_tobacco_use_std_preval",2000,2000,2000,"SEX","SEX_MLE","Male",32.8,"32.8 [23.9-41.7]",23.9,41.7
"310","std_diabetes_preval",2015,2015,2015,"SEX","SEX_MLE","Male",4.35969,"4.4 [2.4-7.1]",2.39611,7.08642
"311","std_diabetes_preval",2007,2007,2007,"SEX","SEX_FMLE","Female",5.94885,"5.9 [2.8-10.3]",2.78052,10.33908
"312","std_diabetes_preval",1990,1990,1990,"SEX","SEX_MLE","Male",3.43427,"3.4 [1.1-7.5]",1.13518,7.48231
"313","adult_underwt_std_preval",2000,2000,2000,"SEX","SEX_BTSX","Both sexes",15.46022,"15.5 [12.2-19.0]",12.20524,19.02002
"314","std_adult_obesity_preval",2022,2022,2022,"SEX","SEX_FMLE","Female",18.54391,"18.5 [15.9-21.4]",15.88996,21.4303
"315","curr_tobacco_use_std_preval",2020,2020,2020,"SEX","SEX_FMLE","Female",2.9,"2.9 [2.0-3.7]",2,3.7
"316","curr_tobacco_use_std_preval",2000,2000,2000,"SEX","SEX_FMLE","Female",6.1,"6.1 [3.8-8.4]",3.8,8.4
"317","std_adult_obesity_preval",1991,1991,1991,"SEX","SEX_FMLE","Female",3.3793,"3.4 [2.5-4.5]",2.45883,4.46293
"318","adult_underwt_std_preval",2009,2009,2009,"SEX","SEX_BTSX","Both sexes",13.75529,"13.8 [11.2-16.5]",11.22873,16.50726
"319","std_adult_obesity_preval",1990,1990,1990,"SEX","SEX_BTSX","Both sexes",2.2551,"2.3 [1.6-3.0]",1.64366,3.02271
"320","std_diabetes_preval",1991,1991,1991,"SEX","SEX_BTSX","Both sexes",4.47278,"4.5 [2.1-8.0]",2.05557,8.04763
"321","std_diabetes_preval",2016,2016,2016,"SEX","SEX_BTSX","Both sexes",6.66543,"6.7 [4.4-9.4]",4.43683,9.37004
"322","std_diabetes_preval",2004,2004,2004,"SEX","SEX_BTSX","Both sexes",6.97146,"7.0 [3.8-11.2]",3.83621,11.20701
"323","curr_cig_smoke_std_preval",2020,2020,2020,"SEX","SEX_BTSX","Both sexes",7.7,"7.7 [6.0-9.4]",6,9.4
"324","std_diabetes_preval",2009,2009,2009,"SEX","SEX_MLE","Male",4.60534,"4.6 [2.2-8.0]",2.21824,7.96502
"325","adult_overwt_std_preval",2014,2014,2014,"SEX","SEX_BTSX","Both sexes",27.4825,"27.5 [25.7-29.3]",25.70672,29.27854
"326","adult_overwt_std_preval",2021,2021,2021,"SEX","SEX_BTSX","Both sexes",32.88878,"32.9 [30.7-35.1]",30.72453,35.09221
"327","adult_underwt_std_preval",1993,1993,1993,"SEX","SEX_BTSX","Both sexes",16.43729,"16.4 [12.8-20.3]",12.82359,20.26857
"328","adult_underwt_std_preval",1995,1995,1995,"SEX","SEX_BTSX","Both sexes",16.18931,"16.2 [12.7-19.9]",12.66445,19.92162
"329","adult_overwt_std_preval",1996,1996,1996,"SEX","SEX_MLE","Male",9.91094,"9.9 [6.7-13.9]",6.65725,13.85074
"330","std_adult_obesity_preval",1998,1998,1998,"SEX","SEX_MLE","Male",1.93169,"1.9 [1.0-3.2]",1.04675,3.21764
"331","curr_cig_smoke_std_preval",2007,2007,2007,"SEX","SEX_MLE","Male",22,"22.0 [18.0-26.0]",18,26
"332","curr_tobacco_use_std_preval",2015,2015,2015,"SEX","SEX_BTSX","Both sexes",12.8,"12.8 [10.3-15.4]",10.3,15.4
"333","std_adult_obesity_preval",1994,1994,1994,"SEX","SEX_FMLE","Female",4.06643,"4.1 [3.2-5.1]",3.1622,5.08709
"334","adult_overwt_std_preval",2011,2011,2011,"SEX","SEX_BTSX","Both sexes",25.28462,"25.3 [23.4-27.2]",23.44189,27.17931
"335","std_diabetes_preval",1998,1998,1998,"SEX","SEX_BTSX","Both sexes",6.69428,"6.7 [3.4-11.3]",3.40283,11.31097
"336","std_diabetes_preval",1999,1999,1999,"SEX","SEX_MLE","Male",5.69135,"5.7 [2.2-11.4]",2.15817,11.41259
"337","std_adult_obesity_preval",2017,2017,2017,"SEX","SEX_FMLE","Female",15.17597,"15.2 [13.5-17.0]",13.46525,16.99542
"338","std_diabetes_preval",1995,1995,1995,"SEX","SEX_BTSX","Both sexes",6.3421,"6.3 [3.1-11.0]",3.13522,10.9797
"339","std_adult_obesity_preval",2002,2002,2002,"SEX","SEX_BTSX","Both sexes",4.78477,"4.8 [4.0-5.7]",4.00932,5.69719
"340","std_diabetes_preval",2018,2018,2018,"SEX","SEX_MLE","Male",4.35172,"4.4 [2.1-7.6]",2.10436,7.62272
"341","std_diabetes_preval",2002,2002,2002,"SEX","SEX_FMLE","Female",6.05112,"6.1 [2.4-11.6]",2.42048,11.58379
"342","adult_overwt_std_preval",2010,2010,2010,"SEX","SEX_MLE","Male",15.96419,"16.0 [13.0-19.2]",12.96464,19.2298
"343","insuff_activity_adult_std_preval",2006,2006,2006,"SEX","SEX_MLE","Male",10.10021,"10.1 [5.9-16.0]",5.86327,16.03147
"344","insuff_activity_adult_std_preval",2004,2004,2004,"SEX","SEX_BTSX","Both sexes",12.22791,"12.2 [8.1-17.4]",8.06948,17.43513
"345","adult_underwt_std_preval",2004,2004,2004,"SEX","SEX_FMLE","Female",11.66019,"11.7 [9.6-13.9]",9.55452,13.89305
"346","adult_overwt_std_preval",1994,1994,1994,"SEX","SEX_MLE","Male",9.18434,"9.2 [6.0-13.1]",6.0222,13.13004
"347","adult_overwt_std_preval",2018,2018,2018,"SEX","SEX_BTSX","Both sexes",30.51287,"30.5 [28.7-32.4]",28.67232,32.37258
"348","std_diabetes_preval",1995,1995,1995,"SEX","SEX_MLE","Male",4.0435,"4.0 [1.4-8.4]",1.44839,8.36625
"349","std_adult_obesity_preval",2010,2010,2010,"SEX","SEX_BTSX","Both sexes",7.41704,"7.4 [6.5-8.4]",6.51043,8.38033
"350","adult_overwt_std_preval",2013,2013,2013,"SEX","SEX_MLE","Male",17.23584,"17.2 [14.5-20.1]",14.51101,20.13795
"351","adult_underwt_std_preval",2006,2006,2006,"SEX","SEX_BTSX","Both sexes",14.35663,"14.4 [11.6-17.4]",11.56967,17.39018
"352","curr_cig_smoke_std_preval",2025,2025,2025,"SEX","SEX_MLE","Male",13,"13.0 [9.3-16.7]",9.3,16.7
"353","std_diabetes_preval",2000,2000,2000,"SEX","SEX_BTSX","Both sexes",5.33157,"5.3 [2.7-9.0]",2.7299,8.99972
"354","std_diabetes_preval",2004,2004,2004,"SEX","SEX_BTSX","Both sexes",5.41857,"5.4 [2.9-8.7]",2.94801,8.73353
"355","adult_overwt_std_preval",2010,2010,2010,"SEX","SEX_BTSX","Both sexes",24.55505,"24.6 [22.7-26.5]",22.66574,26.49597
"356","curr_tobacco_smoke_std_preval",2020,2020,2020,"SEX","SEX_MLE","Male",17.1,"17.1 [13.2-21.0]",13.2,21
"357","adult_overwt_std_preval",2004,2004,2004,"SEX","SEX_MLE","Male",13.33161,"13.3 [10.0-17.1]",10.01705,17.14368
"358","insuff_activity_adult_std_preval",2008,2008,2008,"SEX","SEX_FMLE","Female",12.6057,"12.6 [7.6-19.0]",7.61719,18.95864
"359","std_diabetes_preval",1990,1990,1990,"SEX","SEX_BTSX","Both sexes",4.35108,"4.4 [2.0-7.9]",1.98073,7.94847
"360","std_adult_obesity_preval",2005,2005,2005,"SEX","SEX_BTSX","Both sexes",5.73016,"5.7 [4.9-6.7]",4.88889,6.66473
"361","adult_underwt_std_preval",1996,1996,1996,"SEX","SEX_BTSX","Both sexes",16.05842,"16.1 [12.6-19.8]",12.60527,19.76207
"362","adult_underwt_std_preval",2012,2012,2012,"SEX","SEX_MLE","Male",16.50726,"16.5 [12.2-20.9]",12.24941,20.88966
"363","adult_underwt_std_preval",2003,2003,2003,"SEX","SEX_FMLE","Female",11.82613,"11.8 [9.7-14.1]",9.67739,14.12746
"364","adult_underwt_std_preval",2018,2018,2018,"SEX","SEX_BTSX","Both sexes",12.42088,"12.4 [10.4-14.5]",10.43997,14.51436
"365","std_adult_obesity_preval",2007,2007,2007,"SEX","SEX_FMLE","Female",9.43405,"9.4 [8.2-10.8]",8.17394,10.77258
"366","insuff_activity_adult_std_preval",2000,2000,2000,"SEX","SEX_BTSX","Both sexes",13.24255,"13.2 [7.8-20.3]",7.77746,20.32791
"367","std_diabetes_preval",1992,1992,1992,"SEX","SEX_FMLE","Female",6.91829,"6.9 [2.4-14.3]",2.35255,14.26221
"368","adult_underwt_std_preval",1997,1997,1997,"SEX","SEX_BTSX","Both sexes",15.91955,"15.9 [12.5-19.6]",12.53972,19.5919
"369","std_diabetes_preval",2005,2005,2005,"SEX","SEX_BTSX","Both sexes",5.40879,"5.4 [3.0-8.6]",3.01377,8.60787
"370","std_diabetes_preval",1991,1991,1991,"SEX","SEX_BTSX","Both sexes",5.73283,"5.7 [2.7-10.2]",2.67023,10.20994
"371","adult_overwt_std_preval",1996,1996,1996,"SEX","SEX_BTSX","Both sexes",14.52282,"14.5 [12.5-16.7]",12.54391,16.73297
"372","curr_tobacco_use_std_preval",2007,2007,2007,"SEX","SEX_MLE","Male",27.2,"27.2 [22.0-32.5]",22,32.5
"373","std_adult_obesity_preval",1991,1991,1991,"SEX","SEX_MLE","Male",1.28431,"1.3 [0.6-2.4]",0.58503,2.40361
"374","adult_overwt_std_preval",2002,2002,2002,"SEX","SEX_BTSX","Both sexes",18.54993,"18.5 [16.5-20.7]",16.52644,20.71858
"375","adult_underwt_std_preval",2005,2005,2005,"SEX","SEX_MLE","Male",17.86209,"17.9 [12.0-23.8]",12.04334,23.7843
"376","adult_underwt_std_preval",2021,2021,2021,"SEX","SEX_MLE","Male",16.16731,"16.2 [12.4-20.3]",12.40392,20.31363
"377","std_adult_obesity_preval",2000,2000,2000,"SEX","SEX_FMLE","Female",6.06994,"6.1 [5.1-7.2]",5.06098,7.18117
"378","adult_underwt_std_preval",1994,1994,1994,"SEX","SEX_BTSX","Both sexes",16.31493,"16.3 [12.7-20.1]",12.736,20.0823
"379","curr_cig_smoke_std_preval",2021,2021,2021,"SEX","SEX_BTSX","Both sexes",7.5,"7.5 [5.7-9.2]",5.7,9.2
"380","adult_overwt_std_preval",2005,2005,2005,"SEX","SEX_BTSX","Both sexes",20.81877,"20.8 [18.8-22.9]",18.80858,22.93779
"381","std_adult_obesity_preval",2003,2003,2003,"SEX","SEX_FMLE","Female",7.42325,"7.4 [6.3-8.6]",6.29818,8.63681
"382","std_diabetes_preval",1994,1994,1994,"SEX","SEX_MLE","Male",3.92318,"3.9 [1.4-8.2]",1.3899,8.17541
"383","adult_overwt_std_preval",2009,2009,2009,"SEX","SEX_MLE","Male",15.54639,"15.5 [12.5-18.9]",12.4576,18.93093
"384","insuff_activity_adult_std_preval",2014,2014,2014,"SEX","SEX_FMLE","Female",10.94109,"10.9 [5.8-17.5]",5.79436,17.49625
"385","std_diabetes_preval",2007,2007,2007,"SEX","SEX_FMLE","Female",7.66351,"7.7 [3.6-13.2]",3.63495,13.22226
"386","adult_overwt_std_preval",2002,2002,2002,"SEX","SEX_FMLE","Female",24.28633,"24.3 [22.1-26.5]",22.0928,26.52059
"387","std_adult_obesity_preval",2008,2008,2008,"SEX","SEX_FMLE","Female",9.96103,"10.0 [8.7-11.3]",8.68695,11.32536
"388","std_adult_obesity_preval",2011,2011,2011,"SEX","SEX_BTSX","Both sexes",7.76356,"7.8 [6.8-8.7]",6.84513,8.72324
"389","adult_overwt_std_preval",2000,2000,2000,"SEX","SEX_BTSX","Both sexes",17.10523,"17.1 [15.1-19.3]",15.0778,19.29403
"390","std_adult_obesity_preval",1996,1996,1996,"SEX","SEX_MLE","Male",1.71756,"1.7 [0.9-3.0]",0.894,2.95001
"391","std_adult_obesity_preval",2006,2006,2006,"SEX","SEX_BTSX","Both sexes",6.05932,"6.1 [5.2-7.0]",5.19876,7.00376
"392","std_diabetes_preval",2020,2020,2020,"SEX","SEX_FMLE","Female",8.1507,"8.2 [3.6-14.8]",3.60813,14.79127
"393","std_adult_obesity_preval",1999,1999,1999,"SEX","SEX_FMLE","Female",5.66579,"5.7 [4.7-6.7]",4.6843,6.74485
"394","std_adult_obesity_preval",2021,2021,2021,"SEX","SEX_FMLE","Female",17.84083,"17.8 [15.5-20.4]",15.45828,20.42688
"395","adult_overwt_std_preval",1995,1995,1995,"SEX","SEX_FMLE","Female",18.00576,"18.0 [15.8-20.4]",15.83322,20.38623
"396","std_adult_obesity_preval",2001,2001,2001,"SEX","SEX_BTSX","Both sexes",4.49033,"4.5 [3.7-5.4]",3.73649,5.38042
"397","adult_overwt_std_preval",2020,2020,2020,"SEX","SEX_BTSX","Both sexes",32.08378,"32.1 [30.1-34.1]",30.05849,34.12574
"398","insuff_activity_adult_std_preval",2005,2005,2005,"SEX","SEX_MLE","Male",10.24094,"10.2 [5.8-16.4]",5.76883,16.44579
"399","insuff_activity_adult_std_preval",2008,2008,2008,"SEX","SEX_BTSX","Both sexes",11.28465,"11.3 [7.9-15.3]",7.93368,15.33492
"400","std_adult_obesity_preval",2015,2015,2015,"SEX","SEX_MLE","Male",4.35892,"4.4 [3.3-5.6]",3.29419,5.59752
"401","std_adult_obesity_preval",2021,2021,2021,"SEX","SEX_MLE","Male",5.74243,"5.7 [4.4-7.3]",4.43599,7.27762
"402","std_adult_obesity_preval",1997,1997,1997,"SEX","SEX_MLE","Male",1.82141,"1.8 [1.0-3.1]",0.96426,3.07261
"403","adult_underwt_std_preval",2010,2010,2010,"SEX","SEX_MLE","Male",16.84265,"16.8 [12.1-21.8]",12.07238,21.76634
"404","adult_underwt_std_preval",1992,1992,1992,"SEX","SEX_FMLE","Female",12.98211,"13.0 [10.0-16.3]",10.02685,16.25833
"405","std_adult_obesity_preval",2020,2020,2020,"SEX","SEX_FMLE","Female",17.15269,"17.2 [15.0-19.5]",14.99561,19.50022
"406","std_diabetes_preval",2015,2015,2015,"SEX","SEX_MLE","Male",5.658,"5.7 [3.1-9.2]",3.12348,9.16407
"407","std_adult_obesity_preval",2016,2016,2016,"SEX","SEX_FMLE","Female",14.54212,"14.5 [12.9-16.3]",12.94347,16.25377
"408","std_diabetes_preval",2022,2022,2022,"SEX","SEX_FMLE","Female",6.68642,"6.7 [2.3-13.8]",2.34214,13.77263
"409","adult_underwt_std_preval",2009,2009,2009,"SEX","SEX_FMLE","Female",10.71032,"10.7 [8.8-12.7]",8.80911,12.73568
"410","std_adult_obesity_preval",2011,2011,2011,"SEX","SEX_MLE","Male",3.73885,"3.7 [2.6-5.1]",2.5887,5.10071
"411","insuff_activity_adult_std_preval",2011,2011,2011,"SEX","SEX_FMLE","Female",11.72903,"11.7 [6.9-17.7]",6.94088,17.70747
"412","insuff_activity_adult_std_preval",2013,2013,2013,"SEX","SEX_BTSX","Both sexes",10.2094,"10.2 [6.9-14.0]",6.86807,14.03933
"413","std_diabetes_preval",2001,2001,2001,"SEX","SEX_BTSX","Both sexes",6.90067,"6.9 [3.6-11.4]",3.59036,11.4224
"414","insuff_activity_adult_std_preval",2003,2003,2003,"SEX","SEX_BTSX","Both sexes",12.47261,"12.5 [8.0-18.1]",8.02582,18.12755
"415","curr_tobacco_smoke_std_preval",2005,2005,2005,"SEX","SEX_BTSX","Both sexes",14.2,"14.2 [11.1-17.3]",11.1,17.3
"416","std_adult_obesity_preval",2010,2010,2010,"SEX","SEX_FMLE","Female",11.03663,"11.0 [9.7-12.4]",9.71442,12.44548
"417","std_adult_obesity_preval",1994,1994,1994,"SEX","SEX_MLE","Male",1.5284,"1.5 [0.8-2.7]",0.75723,2.71145
"418","adult_underwt_std_preval",1997,1997,1997,"SEX","SEX_MLE","Male",19.53132,"19.5 [13.0-26.7]",12.99959,26.70763
"419","insuff_activity_adult_std_preval",2008,2008,2008,"SEX","SEX_MLE","Male",9.81602,"9.8 [5.9-15.1]",5.88816,15.12107
"420","std_adult_obesity_preval",2018,2018,2018,"SEX","SEX_FMLE","Female",15.82278,"15.8 [14.0-17.8]",13.97917,17.78044
"421","curr_tobacco_use_std_preval",2025,2025,2025,"SEX","SEX_BTSX","Both sexes",9.9,"9.9 [6.8-13.1]",6.8,13.1
"422","adult_overwt_std_preval",1994,1994,1994,"SEX","SEX_BTSX","Both sexes",13.41747,"13.4 [11.4-15.7]",11.43862,15.65636
"423","std_diabetes_preval",1996,1996,1996,"SEX","SEX_FMLE","Female",5.79144,"5.8 [2.1-11.6]",2.08079,11.59035
"424","std_diabetes_preval",1992,1992,1992,"SEX","SEX_MLE","Male",3.67641,"3.7 [1.3-7.8]",1.27823,7.77628
"425","std_diabetes_preval",1996,1996,1996,"SEX","SEX_MLE","Male",5.3074,"5.3 [2.0-10.7]",1.97857,10.69722
"426","std_diabetes_preval",2005,2005,2005,"SEX","SEX_MLE","Male",4.70627,"4.7 [2.0-8.9]",2.00896,8.94431
"427","std_diabetes_preval",2013,2013,2013,"SEX","SEX_FMLE","Female",5.79963,"5.8 [3.4-9.0]",3.3665,8.98064
"428","std_diabetes_preval",2006,2006,2006,"SEX","SEX_FMLE","Female",5.98992,"6.0 [2.7-10.6]",2.70218,10.57931
"429","std_diabetes_preval",1990,1990,1990,"SEX","SEX_FMLE","Female",6.61262,"6.6 [2.1-14.2]",2.13817,14.19577
"430","std_diabetes_preval",2011,2011,2011,"SEX","SEX_FMLE","Female",5.81171,"5.8 [3.2-9.3]",3.18975,9.27781
"431","adult_overwt_std_preval",2013,2013,2013,"SEX","SEX_FMLE","Female",35.90702,"35.9 [33.7-38.2]",33.7471,38.2484
"432","curr_tobacco_smoke_std_preval",2021,2021,2021,"SEX","SEX_BTSX","Both sexes",8.7,"8.7 [6.5-10.9]",6.5,10.9
"433","std_adult_obesity_preval",2019,2019,2019,"SEX","SEX_FMLE","Female",16.48072,"16.5 [14.5-18.6]",14.50111,18.62167
"434","std_diabetes_preval",2013,2013,2013,"SEX","SEX_MLE","Male",4.41883,"4.4 [2.4-7.1]",2.4236,7.13401
"435","std_diabetes_preval",1995,1995,1995,"SEX","SEX_FMLE","Female",7.32985,"7.3 [2.7-14.5]",2.66562,14.47334
"436","std_diabetes_preval",2014,2014,2014,"SEX","SEX_FMLE","Female",5.82123,"5.8 [3.4-9.0]",3.41001,8.97586
"437","adult_underwt_std_preval",2008,2008,2008,"SEX","SEX_FMLE","Female",10.91675,"10.9 [9.0-13.0]",8.99605,12.98901
"438","adult_overwt_std_preval",2011,2011,2011,"SEX","SEX_FMLE","Female",33.82069,"33.8 [31.7-36.1]",31.66267,36.1202
"439","adult_overwt_std_preval",2017,2017,2017,"SEX","SEX_MLE","Male",19.1155,"19.1 [16.7-21.6]",16.68582,21.63997
"440","curr_tobacco_smoke_std_preval",2010,2010,2010,"SEX","SEX_MLE","Male",22.9,"22.9 [18.8-27.0]",18.8,27
"441","std_diabetes_preval",1990,1990,1990,"SEX","SEX_MLE","Male",4.36604,"4.4 [1.5-9.4]",1.47349,9.40171
"442","curr_tobacco_use_std_preval",2030,2030,2030,"SEX","SEX_FMLE","Female",2,"2.0 [1.1-3.0]",1.1,3
"443","curr_cig_smoke_std_preval",2021,2021,2021,"SEX","SEX_FMLE","Female",0.3,"0.3 [0.2-0.5]",0.2,0.5
"444","std_adult_obesity_preval",2006,2006,2006,"SEX","SEX_FMLE","Female",8.91561,"8.9 [7.7-10.2]",7.69082,10.24095
"445","adult_overwt_std_preval",2020,2020,2020,"SEX","SEX_FMLE","Female",43.08702,"43.1 [40.1-46.1]",40.14027,46.09524
"446","curr_tobacco_smoke_std_preval",2022,2022,2022,"SEX","SEX_FMLE","Female",0.8,"0.8 [0.4-1.1]",0.4,1.1
"447","curr_cig_smoke_std_preval",2015,2015,2015,"SEX","SEX_FMLE","Female",0.5,"0.5 [0.3-0.6]",0.3,0.6
"448","std_diabetes_preval",2017,2017,2017,"SEX","SEX_FMLE","Female",6.01335,"6.0 [3.3-9.8]",3.27373,9.75771
"449","adult_underwt_std_preval",2012,2012,2012,"SEX","SEX_FMLE","Female",10.06715,"10.1 [8.3-12.0]",8.25188,12.00142
"450","std_diabetes_preval",2010,2010,2010,"SEX","SEX_MLE","Male",5.89068,"5.9 [3.0-9.9]",3.00441,9.89016
"451","insuff_activity_adult_std_preval",2016,2016,2016,"SEX","SEX_BTSX","Both sexes",9.67765,"9.7 [6.0-14.1]",6.01093,14.13061
"452","curr_tobacco_use_std_preval",2020,2020,2020,"SEX","SEX_MLE","Male",19.7,"19.7 [15.3-24.2]",15.3,24.2
"453","std_diabetes_preval",2010,2010,2010,"SEX","SEX_MLE","Male",4.55933,"4.6 [2.3-7.7]",2.31522,7.70541
"454","curr_tobacco_smoke_std_preval",2007,2007,2007,"SEX","SEX_BTSX","Both sexes",13.4,"13.4 [10.8-16.0]",10.8,16
"455","adult_overwt_std_preval",2021,2021,2021,"SEX","SEX_MLE","Male",21.34765,"21.3 [18.6-24.3]",18.57894,24.26969
"456","adult_underwt_std_preval",2018,2018,2018,"SEX","SEX_MLE","Male",16.07721,"16.1 [12.6-19.8]",12.59667,19.77692
"457","adult_underwt_std_preval",1990,1990,1990,"SEX","SEX_MLE","Male",20.72121,"20.7 [13.7-28.3]",13.72419,28.25596
"458","std_adult_obesity_preval",2012,2012,2012,"SEX","SEX_MLE","Male",3.88177,"3.9 [2.8-5.2]",2.76293,5.20538
"459","std_adult_obesity_preval",2004,2004,2004,"SEX","SEX_BTSX","Both sexes",5.4072,"5.4 [4.6-6.3]",4.58313,6.33027
"460","insuff_activity_adult_std_preval",2004,2004,2004,"SEX","SEX_FMLE","Female",13.88239,"13.9 [7.6-22.4]",7.6319,22.37336
"461","insuff_activity_adult_std_preval",2002,2002,2002,"SEX","SEX_FMLE","Female",14.5628,"14.6 [7.4-24.3]",7.4104,24.33812
"462","std_diabetes_preval",2004,2004,2004,"SEX","SEX_MLE","Male",6.03222,"6.0 [2.6-11.5]",2.55872,11.47744
"463","std_diabetes_preval",2014,2014,2014,"SEX","SEX_FMLE","Female",7.50245,"7.5 [4.4-11.5]",4.43501,11.54136
"464","std_diabetes_preval",1998,1998,1998,"SEX","SEX_FMLE","Female",7.62793,"7.6 [3.0-14.8]",2.95154,14.81096
"465","std_diabetes_preval",2008,2008,2008,"SEX","SEX_FMLE","Female",7.61056,"7.6 [3.7-12.8]",3.74608,12.82066
"466","std_diabetes_preval",2008,2008,2008,"SEX","SEX_MLE","Male",4.64426,"4.6 [2.2-8.2]",2.17839,8.20415
"467","curr_tobacco_use_std_preval",2015,2015,2015,"SEX","SEX_MLE","Male",22.2,"22.2 [17.9-26.6]",17.9,26.6
"468","std_diabetes_preval",1991,1991,1991,"SEX","SEX_FMLE","Female",6.76525,"6.8 [2.3-14.2]",2.25869,14.20098
"469","insuff_activity_adult_std_preval",2005,2005,2005,"SEX","SEX_BTSX","Both sexes",11.98681,"12.0 [8.1-16.9]",8.10611,16.88122
"470","adult_overwt_std_preval",2002,2002,2002,"SEX","SEX_MLE","Male",12.41516,"12.4 [9.1-16.3]",9.07336,16.34562
"471","adult_overwt_std_preval",1992,1992,1992,"SEX","SEX_BTSX","Both sexes",12.40111,"12.4 [10.4-14.7]",10.38771,14.69771
"472","insuff_activity_adult_std_preval",2015,2015,2015,"SEX","SEX_FMLE","Female",10.70109,"10.7 [5.4-17.7]",5.4236,17.73912
"473","adult_underwt_std_preval",2022,2022,2022,"SEX","SEX_MLE","Male",16.21553,"16.2 [12.2-20.6]",12.17153,20.63074
"474","insuff_activity_adult_std_preval",2000,2000,2000,"SEX","SEX_MLE","Male",10.97862,"11.0 [5.0-19.5]",4.98785,19.51614
"475","std_adult_obesity_preval",2012,2012,2012,"SEX","SEX_BTSX","Both sexes",8.11581,"8.1 [7.2-9.1]",7.18738,9.09071
"476","std_diabetes_preval",1996,1996,1996,"SEX","SEX_MLE","Male",4.15728,"4.2 [1.5-8.5]",1.51826,8.54851
"477","std_diabetes_preval",2002,2002,2002,"SEX","SEX_FMLE","Female",7.78363,"7.8 [3.2-14.5]",3.17521,14.51136
"478","adult_overwt_std_preval",2004,2004,2004,"SEX","SEX_BTSX","Both sexes",20.05894,"20.1 [18.0-22.2]",18.04342,22.19925
"479","curr_tobacco_smoke_std_preval",2020,2020,2020,"SEX","SEX_BTSX","Both sexes",9,"9.0 [6.9-11.1]",6.9,11.1
"480","std_diabetes_preval",1997,1997,1997,"SEX","SEX_MLE","Male",4.26452,"4.3 [1.6-8.7]",1.56597,8.74915
"481","std_diabetes_preval",2016,2016,2016,"SEX","SEX_MLE","Male",4.34899,"4.3 [2.3-7.2]",2.33409,7.16609
"482","adult_underwt_std_preval",1992,1992,1992,"SEX","SEX_MLE","Male",20.39556,"20.4 [13.7-27.6]",13.66154,27.64909
"483","curr_tobacco_smoke_std_preval",2021,2021,2021,"SEX","SEX_MLE","Male",16.6,"16.6 [12.6-20.6]",12.6,20.6
"484","insuff_activity_adult_std_preval",2013,2013,2013,"SEX","SEX_FMLE","Female",11.19274,"11.2 [6.2-17.4]",6.20624,17.37822
"485","std_adult_obesity_preval",1991,1991,1991,"SEX","SEX_BTSX","Both sexes",2.39408,"2.4 [1.8-3.1]",1.77356,3.14955
"486","curr_tobacco_smoke_std_preval",2015,2015,2015,"SEX","SEX_FMLE","Female",1.1,"1.1 [0.8-1.5]",0.8,1.5
"487","std_diabetes_preval",2009,2009,2009,"SEX","SEX_MLE","Male",5.94359,"5.9 [2.9-10.2]",2.91179,10.15947
"488","std_adult_obesity_preval",2007,2007,2007,"SEX","SEX_MLE","Male",3.16449,"3.2 [2.0-4.6]",2.03301,4.62341
"489","std_diabetes_preval",2010,2010,2010,"SEX","SEX_FMLE","Female",5.83564,"5.8 [3.1-9.5]",3.07131,9.49702
"490","curr_tobacco_use_std_preval",2021,2021,2021,"SEX","SEX_FMLE","Female",2.8,"2.8 [2.0-3.6]",2,3.6
"491","adult_underwt_std_preval",2013,2013,2013,"SEX","SEX_FMLE","Female",9.85829,"9.9 [8.1-11.8]",8.06349,11.78105
"492","std_adult_obesity_preval",2014,2014,2014,"SEX","SEX_BTSX","Both sexes",8.84938,"8.8 [7.9-9.9]",7.91815,9.85677
"493","std_diabetes_preval",2017,2017,2017,"SEX","SEX_BTSX","Both sexes",5.19827,"5.2 [3.4-7.6]",3.36566,7.56783
"494","curr_cig_smoke_std_preval",2020,2020,2020,"SEX","SEX_FMLE","Female",0.4,"0.4 [0.2-0.5]",0.2,0.5
"495","std_adult_obesity_preval",2004,2004,2004,"SEX","SEX_FMLE","Female",7.90925,"7.9 [6.8-9.2]",6.7603,9.16603
"496","insuff_activity_adult_std_preval",2014,2014,2014,"SEX","SEX_BTSX","Both sexes",10.02032,"10.0 [6.6-14.1]",6.57112,14.05006
"497","curr_tobacco_smoke_std_preval",2000,2000,2000,"SEX","SEX_MLE","Male",30.9,"30.9 [23.6-38.2]",23.6,38.2
"498","std_adult_obesity_preval",2015,2015,2015,"SEX","SEX_FMLE","Female",13.92227,"13.9 [12.4-15.5]",12.39357,15.53028
"499","curr_tobacco_smoke_std_preval",2022,2022,2022,"SEX","SEX_MLE","Male",16.1,"16.1 [12.4-19.9]",12.4,19.9
"500","std_adult_obesity_preval",2007,2007,2007,"SEX","SEX_BTSX","Both sexes",6.39369,"6.4 [5.5-7.4]",5.5211,7.35099
"501","adult_overwt_std_preval",2003,2003,2003,"SEX","SEX_MLE","Male",12.8709,"12.9 [9.5-16.7]",9.5192,16.72683
"502","adult_overwt_std_preval",2004,2004,2004,"SEX","SEX_FMLE","Female",26.39412,"26.4 [24.2-28.7]",24.17873,28.67035
"503","std_adult_obesity_preval",2013,2013,2013,"SEX","SEX_BTSX","Both sexes",8.47638,"8.5 [7.5-9.5]",7.54514,9.47938
"504","std_diabetes_preval",2021,2021,2021,"SEX","SEX_MLE","Male",5.74541,"5.7 [2.1-11.6]",2.14014,11.55246
"505","adult_underwt_std_preval",2020,2020,2020,"SEX","SEX_MLE","Male",16.12302,"16.1 [12.6-20.1]",12.60697,20.07462
"506","std_diabetes_preval",2017,2017,2017,"SEX","SEX_BTSX","Both sexes",6.71319,"6.7 [4.4-9.7]",4.35382,9.71004
"507","adult_overwt_std_preval",2019,2019,2019,"SEX","SEX_BTSX","Both sexes",31.29117,"31.3 [29.4-33.2]",29.38498,33.20449
"508","adult_underwt_std_preval",2010,2010,2010,"SEX","SEX_BTSX","Both sexes",13.55721,"13.6 [11.1-16.2]",11.1247,16.20755
"509","adult_overwt_std_preval",2010,2010,2010,"SEX","SEX_FMLE","Female",32.77112,"32.8 [30.6-35.1]",30.61105,35.06542
"510","std_diabetes_preval",2003,2003,2003,"SEX","SEX_MLE","Male",4.67411,"4.7 [1.9-9.1]",1.91328,9.09321
"511","adult_underwt_std_preval",1998,1998,1998,"SEX","SEX_MLE","Male",19.3365,"19.3 [12.9-26.4]",12.8556,26.36052
"512","std_diabetes_preval",2003,2003,2003,"SEX","SEX_FMLE","Female",7.78946,"7.8 [3.3-14.4]",3.27249,14.39849
"513","std_diabetes_preval",1999,1999,1999,"SEX","SEX_FMLE","Female",5.98263,"6.0 [2.3-11.9]",2.27696,11.86231
"514","std_diabetes_preval",2001,2001,2001,"SEX","SEX_MLE","Male",5.87429,"5.9 [2.3-11.6]",2.31411,11.56989
"515","adult_underwt_std_preval",1995,1995,1995,"SEX","SEX_MLE","Male",19.8973,"19.9 [13.3-27.0]",13.272,27.03475
"516","adult_overwt_std_preval",2009,2009,2009,"SEX","SEX_BTSX","Both sexes",23.82163,"23.8 [21.9-25.8]",21.92712,25.79075
"517","std_adult_obesity_preval",2016,2016,2016,"SEX","SEX_MLE","Male",4.54558,"4.5 [3.5-5.8]",3.4935,5.78124
"518","insuff_activity_adult_std_preval",2022,2022,2022,"SEX","SEX_FMLE","Female",9.30555,"9.3 [3.0-19.5]",2.97748,19.49835
"519","insuff_activity_adult_std_preval",2017,2017,2017,"SEX","SEX_FMLE","Female",10.25242,"10.3 [4.7-18.1]",4.67034,18.07991
"520","std_adult_obesity_preval",2006,2006,2006,"SEX","SEX_MLE","Male",3.01572,"3.0 [1.9-4.5]",1.90789,4.47204
"521","adult_underwt_std_preval",1991,1991,1991,"SEX","SEX_BTSX","Both sexes",16.68817,"16.7 [12.9-20.7]",12.85266,20.65556
"522","std_diabetes_preval",2018,2018,2018,"SEX","SEX_FMLE","Female",7.85114,"7.9 [4.1-13.1]",4.06099,13.07448
"523","adult_overwt_std_preval",2007,2007,2007,"SEX","SEX_FMLE","Female",29.59988,"29.6 [27.3-31.9]",27.33578,31.86794
"524","adult_underwt_std_preval",2010,2010,2010,"SEX","SEX_FMLE","Female",10.49809,"10.5 [8.6-12.5]",8.61985,12.49314
"525","adult_overwt_std_preval",1999,1999,1999,"SEX","SEX_MLE","Male",11.10506,"11.1 [7.8-15.0]",7.76439,15.00859
"526","std_diabetes_preval",2016,2016,2016,"SEX","SEX_BTSX","Both sexes",5.15873,"5.2 [3.4-7.3]",3.43319,7.27735
"527","adult_overwt_std_preval",2015,2015,2015,"SEX","SEX_FMLE","Female",37.98994,"38.0 [35.8-40.4]",35.75395,40.36855
"528","std_diabetes_preval",2020,2020,2020,"SEX","SEX_MLE","Male",5.70292,"5.7 [2.4-10.9]",2.35166,10.92277
"529","std_diabetes_preval",2011,2011,2011,"SEX","SEX_MLE","Male",5.83255,"5.8 [3.1-9.7]",3.07978,9.65765
"530","insuff_activity_adult_std_preval",2001,2001,2001,"SEX","SEX_MLE","Male",10.82271,"10.8 [5.1-18.7]",5.14073,18.69198
"531","adult_underwt_std_preval",2002,2002,2002,"SEX","SEX_BTSX","Both sexes",15.11926,"15.1 [12.0-18.5]",11.98495,18.53032
"532","curr_tobacco_smoke_std_preval",2025,2025,2025,"SEX","SEX_MLE","Male",14.8,"14.8 [10.8-18.8]",10.8,18.8
"533","insuff_activity_adult_std_preval",2017,2017,2017,"SEX","SEX_MLE","Male",8.70604,"8.7 [4.2-14.9]",4.22659,14.93515
"534","adult_underwt_std_preval",2017,2017,2017,"SEX","SEX_BTSX","Both sexes",12.50363,"12.5 [10.5-14.6]",10.527,14.56242
"535","std_diabetes_preval",1993,1993,1993,"SEX","SEX_MLE","Male",3.80026,"3.8 [1.3-8.0]",1.32943,7.98492
"536","std_diabetes_preval",2011,2011,2011,"SEX","SEX_MLE","Male",4.50952,"4.5 [2.4-7.5]",2.36897,7.51588
"537","adult_underwt_std_preval",2016,2016,2016,"SEX","SEX_BTSX","Both sexes",12.60203,"12.6 [10.6-14.7]",10.60046,14.70107
"538","std_diabetes_preval",1999,1999,1999,"SEX","SEX_FMLE","Female",7.69135,"7.7 [3.0-15.0]",3.02272,14.97627
"539","insuff_activity_adult_std_preval",2018,2018,2018,"SEX","SEX_BTSX","Both sexes",9.38121,"9.4 [5.4-14.4]",5.37682,14.43565
"540","std_adult_obesity_preval",2004,2004,2004,"SEX","SEX_MLE","Male",2.71989,"2.7 [1.6-4.2]",1.64669,4.1772
"541","adult_overwt_std_preval",2019,2019,2019,"SEX","SEX_MLE","Male",20.18485,"20.2 [17.7-22.8]",17.68915,22.79017
"542","adult_overwt_std_preval",2003,2003,2003,"SEX","SEX_BTSX","Both sexes",19.30004,"19.3 [17.3-21.4]",17.28925,21.44033
"543","std_diabetes_preval",1993,1993,1993,"SEX","SEX_FMLE","Female",5.49776,"5.5 [1.9-11.4]",1.87295,11.42971
"544","adult_underwt_std_preval",2004,2004,2004,"SEX","SEX_MLE","Male",18.0802,"18.1 [12.1-24.2]",12.128,24.15673
"545","adult_underwt_std_preval",1998,1998,1998,"SEX","SEX_FMLE","Female",12.47957,"12.5 [10.1-15.1]",10.09415,15.05751
"546","curr_cig_smoke_std_preval",2025,2025,2025,"SEX","SEX_BTSX","Both sexes",6.6,"6.6 [4.7-8.5]",4.7,8.5
"547","std_adult_obesity_preval",1999,1999,1999,"SEX","SEX_MLE","Male",2.04865,"2.0 [1.1-3.4]",1.13021,3.36458
"548","std_adult_obesity_preval",2002,2002,2002,"SEX","SEX_FMLE","Female",6.95249,"7.0 [5.9-8.1]",5.86168,8.14676
"549","curr_tobacco_use_std_preval",2020,2020,2020,"SEX","SEX_BTSX","Both sexes",11.3,"11.3 [8.7-14.0]",8.7,14
"550","curr_cig_smoke_std_preval",2005,2005,2005,"SEX","SEX_MLE","Male",23.4,"23.4 [17.9-29.0]",17.9,29
"551","std_diabetes_preval",2019,2019,2019,"SEX","SEX_BTSX","Both sexes",5.314,"5.3 [3.1-8.4]",3.12599,8.3727
"552","insuff_activity_adult_std_preval",2002,2002,2002,"SEX","SEX_MLE","Male",10.67198,"10.7 [5.3-18.1]",5.2915,18.0846
"553","std_diabetes_preval",1993,1993,1993,"SEX","SEX_MLE","Male",4.84283,"4.8 [1.7-10.0]",1.72857,10.01408
"554","std_diabetes_preval",2019,2019,2019,"SEX","SEX_BTSX","Both sexes",6.8517,"6.9 [4.1-10.7]",4.05121,10.72659
"555","adult_underwt_std_preval",1991,1991,1991,"SEX","SEX_FMLE","Female",13.06884,"13.1 [9.9-16.5]",9.94819,16.50636
"556","std_diabetes_preval",2022,2022,2022,"SEX","SEX_MLE","Male",4.46996,"4.5 [1.5-9.6]",1.47196,9.56227
"557","std_diabetes_preval",1997,1997,1997,"SEX","SEX_MLE","Male",5.44746,"5.4 [2.1-11.0]",2.05734,10.99369
"558","insuff_activity_adult_std_preval",2011,2011,2011,"SEX","SEX_MLE","Male",9.38243,"9.4 [5.6-14.4]",5.60503,14.40927
"559","adult_underwt_std_preval",2020,2020,2020,"SEX","SEX_BTSX","Both sexes",12.30014,"12.3 [10.2-14.5]",10.24684,14.54098
"560","curr_tobacco_smoke_std_preval",2005,2005,2005,"SEX","SEX_FMLE","Female",2,"2.0 [1.4-2.6]",1.4,2.6
"561","adult_underwt_std_preval",2016,2016,2016,"SEX","SEX_FMLE","Female",9.30093,"9.3 [7.5-11.3]",7.47548,11.25024
"562","insuff_activity_adult_std_preval",2007,2007,2007,"SEX","SEX_MLE","Male",9.95886,"10.0 [5.9-15.5]",5.89694,15.52299
"563","curr_tobacco_smoke_std_preval",2010,2010,2010,"SEX","SEX_BTSX","Both sexes",12.2,"12.2 [10.0-14.4]",10,14.4
"564","std_adult_obesity_preval",2009,2009,2009,"SEX","SEX_MLE","Male",3.45579,"3.5 [2.3-4.9]",2.29467,4.87626
"565","std_diabetes_preval",1994,1994,1994,"SEX","SEX_FMLE","Female",5.60384,"5.6 [2.0-11.6]",1.96414,11.55735
"566","adult_overwt_std_preval",2006,2006,2006,"SEX","SEX_MLE","Male",14.24284,"14.2 [11.0-17.9]",10.95233,17.93297
"567","curr_cig_smoke_std_preval",2022,2022,2022,"SEX","SEX_FMLE","Female",0.3,"0.3 [0.2-0.5]",0.2,0.5
"568","adult_overwt_std_preval",1998,1998,1998,"SEX","SEX_BTSX","Both sexes",15.75239,"15.8 [13.8-17.9]",13.76017,17.9376
"569","std_adult_obesity_preval",1994,1994,1994,"SEX","SEX_BTSX","Both sexes",2.86883,"2.9 [2.2-3.7]",2.23569,3.6532
"570","adult_underwt_std_preval",1999,1999,1999,"SEX","SEX_FMLE","Female",12.37206,"12.4 [10.0-14.9]",10.04041,14.8866
"571","std_adult_obesity_preval",2005,2005,2005,"SEX","SEX_MLE","Male",2.8669,"2.9 [1.8-4.3]",1.77164,4.32195
"572","std_diabetes_preval",2002,2002,2002,"SEX","SEX_MLE","Male",5.94294,"5.9 [2.4-11.6]",2.40447,11.57493
"573","std_diabetes_preval",2018,2018,2018,"SEX","SEX_FMLE","Female",6.11211,"6.1 [3.2-10.4]",3.15031,10.37807
"574","insuff_activity_adult_std_preval",2014,2014,2014,"SEX","SEX_MLE","Male",8.99117,"9.0 [4.9-14.3]",4.91506,14.33991
"575","insuff_activity_adult_std_preval",2021,2021,2021,"SEX","SEX_MLE","Male",8.4997,"8.5 [3.3-16.3]",3.30853,16.3471
"576","adult_underwt_std_preval",2005,2005,2005,"SEX","SEX_BTSX","Both sexes",14.55325,"14.6 [11.7-17.7]",11.67373,17.68499
"577","curr_tobacco_use_std_preval",2007,2007,2007,"SEX","SEX_FMLE","Female",4.6,"4.6 [3.4-5.9]",3.4,5.9
"578","std_adult_obesity_preval",2000,2000,2000,"SEX","SEX_BTSX","Both sexes",4.20935,"4.2 [3.5-5.1]",3.49052,5.07978
"579","adult_underwt_std_preval",2001,2001,2001,"SEX","SEX_MLE","Male",18.72455,"18.7 [12.5-25.3]",12.45531,25.34932
"580","std_diabetes_preval",2006,2006,2006,"SEX","SEX_MLE","Male",6.04229,"6.0 [2.7-11.0]",2.69195,11.047
"581","std_diabetes_preval",2003,2003,2003,"SEX","SEX_BTSX","Both sexes",6.96274,"7.0 [3.8-11.3]",3.7795,11.29856
"582","std_adult_obesity_preval",2003,2003,2003,"SEX","SEX_BTSX","Both sexes",5.09109,"5.1 [4.3-6.0]",4.28679,6.02027
"583","adult_underwt_std_preval",2021,2021,2021,"SEX","SEX_BTSX","Both sexes",12.25422,"12.3 [10.0-14.6]",10.04813,14.63908
"584","std_diabetes_preval",2022,2022,2022,"SEX","SEX_FMLE","Female",8.53105,"8.5 [3.0-17.3]",3.04587,17.25163
"585","std_diabetes_preval",1994,1994,1994,"SEX","SEX_BTSX","Both sexes",4.83317,"4.8 [2.3-8.5]",2.31027,8.51924
"586","std_adult_obesity_preval",2015,2015,2015,"SEX","SEX_BTSX","Both sexes",9.23691,"9.2 [8.3-10.3]",8.28543,10.27899
"587","curr_cig_smoke_std_preval",2025,2025,2025,"SEX","SEX_FMLE","Female",0.3,"0.3 [0.1-0.4]",0.1,0.4
"588","std_adult_obesity_preval",1998,1998,1998,"SEX","SEX_FMLE","Female",5.28818,"5.3 [4.3-6.3]",4.33819,6.3384
"589","curr_cig_smoke_std_preval",2030,2030,2030,"SEX","SEX_FMLE","Female",0.2,"0.2 [0.1-0.3]",0.1,0.3
"590","adult_overwt_std_preval",1996,1996,1996,"SEX","SEX_FMLE","Female",18.75976,"18.8 [16.6-21.1]",16.61141,21.12573
"591","insuff_activity_adult_std_preval",2020,2020,2020,"SEX","SEX_BTSX","Both sexes",9.12839,"9.1 [4.8-14.8]",4.82042,14.79949
"592","adult_overwt_std_preval",1992,1992,1992,"SEX","SEX_MLE","Male",8.50223,"8.5 [5.4-12.5]",5.4249,12.4938
"593","adult_overwt_std_preval",2018,2018,2018,"SEX","SEX_MLE","Male",19.63885,"19.6 [17.2-22.2]",17.2032,22.18589
"594","adult_overwt_std_preval",2015,2015,2015,"SEX","SEX_MLE","Male",18.13752,"18.1 [15.6-20.8]",15.63846,20.79183
"595","adult_overwt_std_preval",2022,2022,2022,"SEX","SEX_BTSX","Both sexes",33.70566,"33.7 [31.4-36.1]",31.36308,36.12133
"596","adult_overwt_std_preval",1995,1995,1995,"SEX","SEX_BTSX","Both sexes",13.95627,"14.0 [12.0-16.2]",11.97813,16.18787
"597","std_diabetes_preval",2012,2012,2012,"SEX","SEX_FMLE","Female",5.79743,"5.8 [3.3-9.1]",3.31106,9.06502
"598","curr_cig_smoke_std_preval",2020,2020,2020,"SEX","SEX_MLE","Male",15,"15.0 [11.7-18.2]",11.7,18.2
"599","curr_tobacco_smoke_std_preval",2030,2030,2030,"SEX","SEX_MLE","Male",12.8,"12.8 [8.2-17.5]",8.2,17.5
"600","std_diabetes_preval",2022,2022,2022,"SEX","SEX_MLE","Male",5.80123,"5.8 [1.9-12.3]",1.94647,12.27719
"601","std_diabetes_preval",2017,2017,2017,"SEX","SEX_MLE","Male",5.64561,"5.6 [2.9-9.5]",2.88665,9.52791
"602","adult_overwt_std_preval",2022,2022,2022,"SEX","SEX_FMLE","Female",45.09492,"45.1 [41.5-48.6]",41.51183,48.64659
"603","adult_underwt_std_preval",1994,1994,1994,"SEX","SEX_MLE","Male",20.06887,"20.1 [13.4-27.3]",13.42981,27.25759
"604","adult_underwt_std_preval",1999,1999,1999,"SEX","SEX_MLE","Male",19.13571,"19.1 [12.7-26.0]",12.70305,26.03276
"605","adult_underwt_std_preval",2000,2000,2000,"SEX","SEX_FMLE","Female",12.25388,"12.3 [10.0-14.7]",9.97304,14.6827
"606","adult_overwt_std_preval",2006,2006,2006,"SEX","SEX_BTSX","Both sexes",21.57805,"21.6 [19.6-23.6]",19.59263,23.64452
"607","adult_underwt_std_preval",1996,1996,1996,"SEX","SEX_FMLE","Female",12.66578,"12.7 [10.2-15.4]",10.17066,15.39363
"608","adult_overwt_std_preval",1998,1998,1998,"SEX","SEX_FMLE","Female",20.41979,"20.4 [18.3-22.7]",18.26111,22.7008
"609","adult_underwt_std_preval",1991,1991,1991,"SEX","SEX_MLE","Male",20.55731,"20.6 [13.7-27.9]",13.7022,27.91262
"610","adult_overwt_std_preval",1993,1993,1993,"SEX","SEX_MLE","Male",8.83857,"8.8 [5.7-12.8]",5.69243,12.84435
"611","std_diabetes_preval",2015,2015,2015,"SEX","SEX_FMLE","Female",5.86388,"5.9 [3.4-9.1]",3.42845,9.10125
"612","std_diabetes_preval",2010,2010,2010,"SEX","SEX_BTSX","Both sexes",6.74734,"6.7 [4.3-9.7]",4.2729,9.71791
"613","curr_cig_smoke_std_preval",2007,2007,2007,"SEX","SEX_BTSX","Both sexes",11.4,"11.4 [9.3-13.5]",9.3,13.5
"614","std_diabetes_preval",2005,2005,2005,"SEX","SEX_FMLE","Female",7.75653,"7.8 [3.5-13.9]",3.47618,13.89254
"615","std_diabetes_preval",2011,2011,2011,"SEX","SEX_BTSX","Both sexes",5.18722,"5.2 [3.4-7.4]",3.35417,7.3823
"616","insuff_activity_adult_std_preval",2010,2010,2010,"SEX","SEX_BTSX","Both sexes",10.83431,"10.8 [7.7-14.6]",7.66887,14.6407
"617","std_diabetes_preval",2000,2000,2000,"SEX","SEX_FMLE","Female",6.01727,"6.0 [2.3-11.8]",2.32031,11.83451
"618","insuff_activity_adult_std_preval",2018,2018,2018,"SEX","SEX_FMLE","Female",10.04342,"10.0 [4.3-18.3]",4.29594,18.277
"619","std_diabetes_preval",2009,2009,2009,"SEX","SEX_FMLE","Female",7.5626,"7.6 [3.9-12.5]",3.87021,12.54232
"620","std_diabetes_preval",2020,2020,2020,"SEX","SEX_FMLE","Female",6.36378,"6.4 [2.8-11.7]",2.79735,11.68397
"621","std_adult_obesity_preval",2008,2008,2008,"SEX","SEX_MLE","Male",3.31166,"3.3 [2.2-4.8]",2.17097,4.75543
"622","adult_underwt_std_preval",2019,2019,2019,"SEX","SEX_BTSX","Both sexes",12.35392,"12.4 [10.4-14.5]",10.36834,14.49938
"623","adult_underwt_std_preval",2022,2022,2022,"SEX","SEX_BTSX","Both sexes",12.21118,"12.2 [9.9-14.8]",9.86803,14.78068
"624","std_diabetes_preval",1999,1999,1999,"SEX","SEX_BTSX","Both sexes",6.78033,"6.8 [3.5-11.4]",3.46639,11.44185
"625","std_diabetes_preval",1991,1991,1991,"SEX","SEX_FMLE","Female",5.26386,"5.3 [1.7-11.3]",1.7086,11.28903
"626","std_diabetes_preval",2002,2002,2002,"SEX","SEX_MLE","Male",4.63647,"4.6 [1.8-9.2]",1.84641,9.20308
"627","adult_overwt_std_preval",2016,2016,2016,"SEX","SEX_MLE","Male",18.6161,"18.6 [16.2-21.2]",16.15282,21.19311
"628","adult_underwt_std_preval",1993,1993,1993,"SEX","SEX_MLE","Male",20.23268,"20.2 [13.5-27.4]",13.51942,27.44351
"629","std_diabetes_preval",2013,2013,2013,"SEX","SEX_FMLE","Female",7.47706,"7.5 [4.4-11.5]",4.37619,11.49627
"630","std_diabetes_preval",1998,1998,1998,"SEX","SEX_FMLE","Female",5.93395,"5.9 [2.2-11.8]",2.24581,11.79189
"631","adult_underwt_std_preval",1999,1999,1999,"SEX","SEX_BTSX","Both sexes",15.61961,"15.6 [12.3-19.2]",12.33748,19.23623
"632","insuff_activity_adult_std_preval",2010,2010,2010,"SEX","SEX_FMLE","Female",12.0121,"12.0 [7.2-18.0]",7.21024,17.96964
"633","std_diabetes_preval",2008,2008,2008,"SEX","SEX_FMLE","Female",5.90578,"5.9 [2.9-10.1]",2.87282,10.06015
"634","std_adult_obesity_preval",1993,1993,1993,"SEX","SEX_MLE","Male",1.44217,"1.4 [0.7-2.6]",0.69702,2.60119
"635","curr_tobacco_use_std_preval",2030,2030,2030,"SEX","SEX_BTSX","Both sexes",8.8,"8.8 [5.7-11.8]",5.7,11.8
"636","curr_tobacco_smoke_std_preval",2000,2000,2000,"SEX","SEX_BTSX","Both sexes",16.8,"16.8 [12.6-20.9]",12.6,20.9
"637","std_adult_obesity_preval",2020,2020,2020,"SEX","SEX_BTSX","Both sexes",11.4121,"11.4 [10.1-12.8]",10.1282,12.79134
"638","adult_underwt_std_preval",2003,2003,2003,"SEX","SEX_BTSX","Both sexes",14.93608,"14.9 [11.9-18.3]",11.87049,18.25523
"639","std_diabetes_preval",2018,2018,2018,"SEX","SEX_BTSX","Both sexes",5.24942,"5.2 [3.3-8.0]",3.25856,7.95719
"640","adult_underwt_std_preval",1993,1993,1993,"SEX","SEX_FMLE","Female",12.90097,"12.9 [10.1-16.0]",10.0727,16.0151
"641","adult_underwt_std_preval",2000,2000,2000,"SEX","SEX_MLE","Male",18.93222,"18.9 [12.6-25.7]",12.59102,25.70549
"642","std_diabetes_preval",2013,2013,2013,"SEX","SEX_MLE","Male",5.7263,"5.7 [3.1-9.2]",3.14607,9.20802
"643","std_diabetes_preval",2000,2000,2000,"SEX","SEX_MLE","Male",5.79106,"5.8 [2.2-11.5]",2.23174,11.50779
"644","insuff_activity_adult_std_preval",2000,2000,2000,"SEX","SEX_FMLE","Female",15.27947,"15.3 [7.2-26.8]",7.19147,26.79255
"645","std_diabetes_preval",2015,2015,2015,"SEX","SEX_BTSX","Both sexes",5.13163,"5.1 [3.5-7.1]",3.4522,7.14136
"646","adult_underwt_std_preval",2012,2012,2012,"SEX","SEX_BTSX","Both sexes",13.17629,"13.2 [10.9-15.6]",10.94892,15.60941
"647","std_adult_obesity_preval",1995,1995,1995,"SEX","SEX_MLE","Male",1.62011,"1.6 [0.8-2.8]",0.82499,2.83382
"648","adult_underwt_std_preval",2020,2020,2020,"SEX","SEX_FMLE","Female",8.69846,"8.7 [6.7-11.0]",6.6599,11.00191
"649","std_adult_obesity_preval",2019,2019,2019,"SEX","SEX_MLE","Male",5.20596,"5.2 [4.1-6.5]",4.07271,6.49697
"650","std_adult_obesity_preval",1995,1995,1995,"SEX","SEX_BTSX","Both sexes",3.05075,"3.1 [2.4-3.8]",2.40186,3.8327
"651","adult_overwt_std_preval",2000,2000,2000,"SEX","SEX_MLE","Male",11.53154,"11.5 [8.2-15.5]",8.1696,15.47744
"652","adult_overwt_std_preval",1998,1998,1998,"SEX","SEX_MLE","Male",10.69187,"10.7 [7.4-14.6]",7.41375,14.62789
"653","std_diabetes_preval",2008,2008,2008,"SEX","SEX_BTSX","Both sexes",5.30868,"5.3 [3.2-8.0]",3.18502,7.99031
"654","insuff_activity_adult_std_preval",2009,2009,2009,"SEX","SEX_MLE","Male",9.67113,"9.7 [5.8-14.8]",5.81898,14.81841
